Incident Number,Incident Number, Date & Time Occurred, Offense Description, Location, Offense Category, Incident Type, Victim Age, Victim Gender, Victim Race, Suspect Name, Suspect Age, Suspect Gender, Suspect Race
1,"Újpest_FC_seasons.csv|2008_FEI_World_Cup_Jumping_Final.csv|Chinese_university_ranking_(Wu_Shulian).csv|List_of_Florida_Panthers_players_1.csv|Biathlon_at_the_2010_Winter_Olympics_–_Women's_sprint.csv|List_of_National_Basketball_Association_players_with_most_assists_in_a_game_1.csv|Alpine_skiing_at_the_1956_Winter_Olympics_–_Men's_giant_slalom_1.csv|Archery_at_the_1972_Summer_Olympics_–_Women's_individual_1.csv|Biathlon_World_Championships_2011_–_Women's_individual.csv|Council_Wars.csv|Biathlon_World_Championships_2012_–_Men's_individual.csv|Biathlon_World_Championships_2012_–_Women's_individual.csv|Biathlon_World_Championships_2012_–_Men's_sprint.csv|List_of_Vedic_Individuals.csv|Sailing_at_the_2012_Summer_Olympics_–_Men's_Laser_class_1.csv|2009_Star_World_Championships.csv|Candidates_in_the_Philippine_Senate_election,_2013.csv|List_of_offenders_executed_in_the_United_States_in_2013.csv|List_of_Internet_exchange_points_by_size.csv|List_of_tallest_buildings_in_New_Orleans.csv|",,,,,,,,Council_Wars.csv|List_of_offenders_executed_in_the_United_States_in_2013.csv|,,,,
2,"Újpest_FC_seasons.csv|2008_FEI_World_Cup_Jumping_Final.csv|Chinese_university_ranking_(Wu_Shulian).csv|List_of_Florida_Panthers_players_1.csv|Biathlon_at_the_2010_Winter_Olympics_–_Women's_sprint.csv|List_of_National_Basketball_Association_players_with_most_steals_in_a_game_1.csv|List_of_National_Basketball_Association_players_with_most_blocks_in_a_game_1.csv|List_of_National_Basketball_Association_players_with_most_assists_in_a_game_1.csv|Alpine_skiing_at_the_1956_Winter_Olympics_–_Men's_giant_slalom_1.csv|Archery_at_the_1972_Summer_Olympics_–_Women's_individual_1.csv|Biathlon_World_Championships_2011_–_Women's_individual.csv|Council_Wars.csv|Kentucky–Tennessee_rivalry_1.csv|Biathlon_World_Championships_2012_–_Men's_individual.csv|Biathlon_World_Championships_2012_–_Women's_individual.csv|Biathlon_World_Championships_2012_–_Men's_sprint.csv|List_of_Vedic_Individuals.csv|Sailing_at_the_2012_Summer_Olympics_–_Men's_Laser_class_1.csv|2009_Star_World_Championships.csv|Candidates_in_the_Philippine_Senate_election,_2013.csv|List_of_offenders_executed_in_the_United_States_in_2013.csv|List_of_Internet_exchange_points_by_size.csv|List_of_tallest_buildings_in_New_Orleans.csv|",,,,,,,"Candidates_in_the_Philippine_Senate_election,_2013.csv|List_of_offenders_executed_in_the_United_States_in_2013.csv|",,,,,
3,"Újpest_FC_seasons.csv|2008_FEI_World_Cup_Jumping_Final.csv|Chinese_university_ranking_(Wu_Shulian).csv|List_of_Florida_Panthers_players_1.csv|Biathlon_at_the_2010_Winter_Olympics_–_Women's_sprint.csv|List_of_National_Basketball_Association_players_with_most_blocks_in_a_game_1.csv|Alpine_skiing_at_the_1956_Winter_Olympics_–_Men's_giant_slalom_1.csv|Archery_at_the_1972_Summer_Olympics_–_Women's_individual_1.csv|Biathlon_World_Championships_2011_–_Women's_individual.csv|Council_Wars.csv|Biathlon_World_Championships_2012_–_Men's_individual.csv|Biathlon_World_Championships_2012_–_Women's_individual.csv|Biathlon_World_Championships_2012_–_Men's_sprint.csv|List_of_Vedic_Individuals.csv|Sailing_at_the_2012_Summer_Olympics_–_Men's_Laser_class_1.csv|2009_Star_World_Championships.csv|Candidates_in_the_Philippine_Senate_election,_2013.csv|List_of_offenders_executed_in_the_United_States_in_2013.csv|List_of_Internet_exchange_points_by_size.csv|List_of_tallest_buildings_in_New_Orleans.csv|",,,,,,,,Council_Wars.csv|,,,,
4,"Újpest_FC_seasons.csv|2008_FEI_World_Cup_Jumping_Final.csv|Chinese_university_ranking_(Wu_Shulian).csv|List_of_Florida_Panthers_players_1.csv|Biathlon_at_the_2010_Winter_Olympics_–_Women's_sprint.csv|List_of_National_Basketball_Association_players_with_most_steals_in_a_game_1.csv|List_of_National_Basketball_Association_players_with_most_blocks_in_a_game_1.csv|List_of_National_Basketball_Association_players_with_most_assists_in_a_game_1.csv|Alpine_skiing_at_the_1956_Winter_Olympics_–_Men's_giant_slalom_1.csv|List_of_VfL_Bochum_seasons.csv|Biathlon_World_Championships_2011_–_Women's_individual.csv|Council_Wars.csv|Biathlon_World_Championships_2012_–_Men's_individual.csv|Biathlon_World_Championships_2012_–_Women's_individual.csv|Biathlon_World_Championships_2012_–_Men's_sprint.csv|List_of_Vedic_Individuals.csv|Sailing_at_the_2012_Summer_Olympics_–_Men's_Laser_class_1.csv|2009_Star_World_Championships.csv|Candidates_in_the_Philippine_Senate_election,_2013.csv|List_of_offenders_executed_in_the_United_States_in_2013.csv|List_of_Internet_exchange_points_by_size.csv|List_of_tallest_buildings_in_New_Orleans.csv|",,,,,,,"Candidates_in_the_Philippine_Senate_election,_2013.csv|List_of_offenders_executed_in_the_United_States_in_2013.csv|",List_of_offenders_executed_in_the_United_States_in_2013.csv|,,,,
5,"Újpest_FC_seasons.csv|2008_FEI_World_Cup_Jumping_Final.csv|Chinese_university_ranking_(Wu_Shulian).csv|List_of_Florida_Panthers_players_1.csv|Biathlon_at_the_2010_Winter_Olympics_–_Women's_sprint.csv|List_of_National_Basketball_Association_players_with_most_steals_in_a_game_1.csv|List_of_National_Basketball_Association_players_with_most_blocks_in_a_game_1.csv|List_of_National_Basketball_Association_players_with_most_assists_in_a_game_1.csv|Alpine_skiing_at_the_1956_Winter_Olympics_–_Men's_giant_slalom_1.csv|Archery_at_the_1972_Summer_Olympics_–_Women's_individual_1.csv|Biathlon_World_Championships_2011_–_Women's_individual.csv|Council_Wars.csv|Biathlon_World_Championships_2012_–_Men's_individual.csv|Biathlon_World_Championships_2012_–_Women's_individual.csv|Biathlon_World_Championships_2012_–_Men's_sprint.csv|List_of_Vedic_Individuals.csv|Sailing_at_the_2012_Summer_Olympics_–_Men's_Laser_class_1.csv|2009_Star_World_Championships.csv|Candidates_in_the_Philippine_Senate_election,_2013.csv|List_of_offenders_executed_in_the_United_States_in_2013.csv|List_of_Internet_exchange_points_by_size.csv|List_of_tallest_buildings_in_New_Orleans.csv|",,,,,,2009_Star_World_Championships.csv|,List_of_Vedic_Individuals.csv|List_of_offenders_executed_in_the_United_States_in_2013.csv|,,,,,
6,"Újpest_FC_seasons.csv|2008_FEI_World_Cup_Jumping_Final.csv|Chinese_university_ranking_(Wu_Shulian).csv|List_of_Florida_Panthers_players_1.csv|Biathlon_at_the_2010_Winter_Olympics_–_Women's_sprint.csv|List_of_National_Basketball_Association_players_with_most_steals_in_a_game_1.csv|List_of_National_Basketball_Association_players_with_most_blocks_in_a_game_1.csv|List_of_National_Basketball_Association_players_with_most_assists_in_a_game_1.csv|Alpine_skiing_at_the_1956_Winter_Olympics_–_Men's_giant_slalom_1.csv|Archery_at_the_1972_Summer_Olympics_–_Women's_individual_1.csv|Biathlon_World_Championships_2011_–_Women's_individual.csv|Council_Wars.csv|Biathlon_World_Championships_2012_–_Men's_individual.csv|Biathlon_World_Championships_2012_–_Women's_individual.csv|Biathlon_World_Championships_2012_–_Men's_sprint.csv|List_of_Vedic_Individuals.csv|Sailing_at_the_2012_Summer_Olympics_–_Men's_Laser_class_1.csv|2009_Star_World_Championships.csv|Candidates_in_the_Philippine_Senate_election,_2013.csv|List_of_offenders_executed_in_the_United_States_in_2013.csv|List_of_tallest_buildings_in_New_Orleans.csv|",,,,,,,List_of_Vedic_Individuals.csv|,,,,,
7,"Újpest_FC_seasons.csv|2008_FEI_World_Cup_Jumping_Final.csv|Chinese_university_ranking_(Wu_Shulian).csv|List_of_Florida_Panthers_players_1.csv|Biathlon_at_the_2010_Winter_Olympics_–_Women's_sprint.csv|List_of_National_Basketball_Association_players_with_most_blocks_in_a_game_1.csv|List_of_National_Basketball_Association_players_with_most_assists_in_a_game_1.csv|Alpine_skiing_at_the_1956_Winter_Olympics_–_Men's_giant_slalom_1.csv|Archery_at_the_1972_Summer_Olympics_–_Women's_individual_1.csv|Biathlon_World_Championships_2011_–_Women's_individual.csv|Council_Wars.csv|Biathlon_World_Championships_2012_–_Men's_individual.csv|Biathlon_World_Championships_2012_–_Women's_individual.csv|Biathlon_World_Championships_2012_–_Men's_sprint.csv|List_of_Vedic_Individuals.csv|Sailing_at_the_2012_Summer_Olympics_–_Men's_Laser_class_1.csv|2009_Star_World_Championships.csv|Candidates_in_the_Philippine_Senate_election,_2013.csv|List_of_offenders_executed_in_the_United_States_in_2013.csv|List_of_Internet_exchange_points_by_size.csv|List_of_tallest_buildings_in_New_Orleans.csv|",,,,,,List_of_National_Basketball_Association_players_with_most_blocks_in_a_game_1.csv|Alpine_skiing_at_the_1956_Winter_Olympics_–_Men's_giant_slalom_1.csv|,"List_of_Vedic_Individuals.csv|Candidates_in_the_Philippine_Senate_election,_2013.csv|List_of_offenders_executed_in_the_United_States_in_2013.csv|",List_of_offenders_executed_in_the_United_States_in_2013.csv|,,,,
8,"Újpest_FC_seasons.csv|2008_FEI_World_Cup_Jumping_Final.csv|Chinese_university_ranking_(Wu_Shulian).csv|List_of_Florida_Panthers_players_1.csv|Biathlon_at_the_2010_Winter_Olympics_–_Women's_sprint.csv|List_of_National_Basketball_Association_players_with_most_blocks_in_a_game_1.csv|List_of_National_Basketball_Association_players_with_most_assists_in_a_game_1.csv|Alpine_skiing_at_the_1956_Winter_Olympics_–_Men's_giant_slalom_1.csv|Biathlon_World_Championships_2011_–_Women's_individual.csv|Council_Wars.csv|Biathlon_World_Championships_2012_–_Men's_individual.csv|Biathlon_World_Championships_2012_–_Women's_individual.csv|Biathlon_World_Championships_2012_–_Men's_sprint.csv|List_of_Vedic_Individuals.csv|Sailing_at_the_2012_Summer_Olympics_–_Men's_Laser_class_1.csv|2009_Star_World_Championships.csv|Candidates_in_the_Philippine_Senate_election,_2013.csv|List_of_offenders_executed_in_the_United_States_in_2013.csv|List_of_Internet_exchange_points_by_size.csv|List_of_tallest_buildings_in_New_Orleans.csv|",,,,,,,List_of_offenders_executed_in_the_United_States_in_2013.csv|,,,,,
9,"Újpest_FC_seasons.csv|2008_FEI_World_Cup_Jumping_Final.csv|Chinese_university_ranking_(Wu_Shulian).csv|List_of_Florida_Panthers_players_1.csv|Biathlon_at_the_2010_Winter_Olympics_–_Women's_sprint.csv|List_of_National_Basketball_Association_players_with_most_blocks_in_a_game_1.csv|List_of_National_Basketball_Association_players_with_most_assists_in_a_game_1.csv|Alpine_skiing_at_the_1956_Winter_Olympics_–_Men's_giant_slalom_1.csv|Archery_at_the_1972_Summer_Olympics_–_Women's_individual_1.csv|Biathlon_World_Championships_2011_–_Women's_individual.csv|Council_Wars.csv|Biathlon_World_Championships_2012_–_Men's_individual.csv|Biathlon_World_Championships_2012_–_Women's_individual.csv|Biathlon_World_Championships_2012_–_Men's_sprint.csv|List_of_Vedic_Individuals.csv|Sailing_at_the_2012_Summer_Olympics_–_Men's_Laser_class_1.csv|2009_Star_World_Championships.csv|Candidates_in_the_Philippine_Senate_election,_2013.csv|List_of_offenders_executed_in_the_United_States_in_2013.csv|List_of_Internet_exchange_points_by_size.csv|List_of_tallest_buildings_in_New_Orleans.csv|",,,,,,List_of_National_Basketball_Association_players_with_most_blocks_in_a_game_1.csv|,,List_of_offenders_executed_in_the_United_States_in_2013.csv|,,,,
10,"2008_FEI_World_Cup_Jumping_Final.csv|Chinese_university_ranking_(Wu_Shulian).csv|List_of_Florida_Panthers_players_1.csv|Biathlon_at_the_2010_Winter_Olympics_–_Women's_sprint.csv|List_of_National_Basketball_Association_players_with_most_steals_in_a_game_1.csv|List_of_National_Basketball_Association_players_with_most_blocks_in_a_game_1.csv|List_of_National_Basketball_Association_players_with_most_assists_in_a_game_1.csv|Alpine_skiing_at_the_1956_Winter_Olympics_–_Men's_giant_slalom_1.csv|Archery_at_the_1972_Summer_Olympics_–_Women's_individual_1.csv|Biathlon_World_Championships_2011_–_Women's_individual.csv|Council_Wars.csv|Kentucky–Tennessee_rivalry_1.csv|Biathlon_World_Championships_2012_–_Men's_individual.csv|Biathlon_World_Championships_2012_–_Women's_individual.csv|Biathlon_World_Championships_2012_–_Men's_sprint.csv|List_of_Vedic_Individuals.csv|Sailing_at_the_2012_Summer_Olympics_–_Men's_Laser_class_1.csv|2009_Star_World_Championships.csv|Candidates_in_the_Philippine_Senate_election,_2013.csv|List_of_offenders_executed_in_the_United_States_in_2013.csv|List_of_tallest_buildings_in_New_Orleans.csv|",,,,,,List_of_National_Basketball_Association_players_with_most_assists_in_a_game_1.csv|,"Candidates_in_the_Philippine_Senate_election,_2013.csv|List_of_offenders_executed_in_the_United_States_in_2013.csv|",,,,,
11,"Újpest_FC_seasons.csv|2008_FEI_World_Cup_Jumping_Final.csv|Chinese_university_ranking_(Wu_Shulian).csv|List_of_Florida_Panthers_players_1.csv|Biathlon_at_the_2010_Winter_Olympics_–_Women's_sprint.csv|List_of_National_Basketball_Association_players_with_most_steals_in_a_game_1.csv|List_of_National_Basketball_Association_players_with_most_blocks_in_a_game_1.csv|List_of_National_Basketball_Association_players_with_most_assists_in_a_game_1.csv|Alpine_skiing_at_the_1956_Winter_Olympics_–_Men's_giant_slalom_1.csv|Archery_at_the_1972_Summer_Olympics_–_Women's_individual_1.csv|Biathlon_World_Championships_2011_–_Women's_individual.csv|Council_Wars.csv|Biathlon_World_Championships_2012_–_Men's_individual.csv|Biathlon_World_Championships_2012_–_Women's_individual.csv|Biathlon_World_Championships_2012_–_Men's_sprint.csv|List_of_Vedic_Individuals.csv|Sailing_at_the_2012_Summer_Olympics_–_Men's_Laser_class_1.csv|2009_Star_World_Championships.csv|Candidates_in_the_Philippine_Senate_election,_2013.csv|List_of_offenders_executed_in_the_United_States_in_2013.csv|List_of_Internet_exchange_points_by_size.csv|List_of_tallest_buildings_in_New_Orleans.csv|",,,,,,Biathlon_World_Championships_2012_–_Women's_individual.csv|,,,,,,
12,"Újpest_FC_seasons.csv|2008_FEI_World_Cup_Jumping_Final.csv|Chinese_university_ranking_(Wu_Shulian).csv|List_of_Florida_Panthers_players_1.csv|Biathlon_at_the_2010_Winter_Olympics_–_Women's_sprint.csv|List_of_National_Basketball_Association_players_with_most_steals_in_a_game_1.csv|List_of_National_Basketball_Association_players_with_most_blocks_in_a_game_1.csv|List_of_National_Basketball_Association_players_with_most_assists_in_a_game_1.csv|Alpine_skiing_at_the_1956_Winter_Olympics_–_Men's_giant_slalom_1.csv|Archery_at_the_1972_Summer_Olympics_–_Women's_individual_1.csv|Biathlon_World_Championships_2011_–_Women's_individual.csv|Council_Wars.csv|Biathlon_World_Championships_2012_–_Men's_individual.csv|Biathlon_World_Championships_2012_–_Women's_individual.csv|Biathlon_World_Championships_2012_–_Men's_sprint.csv|List_of_Vedic_Individuals.csv|Sailing_at_the_2012_Summer_Olympics_–_Men's_Laser_class_1.csv|2009_Star_World_Championships.csv|Candidates_in_the_Philippine_Senate_election,_2013.csv|List_of_offenders_executed_in_the_United_States_in_2013.csv|List_of_tallest_buildings_in_New_Orleans.csv|",,,,,,Újpest_FC_seasons.csv|,"Candidates_in_the_Philippine_Senate_election,_2013.csv|List_of_offenders_executed_in_the_United_States_in_2013.csv|",Council_Wars.csv|,,,,
13,"Újpest_FC_seasons.csv|2008_FEI_World_Cup_Jumping_Final.csv|Chinese_university_ranking_(Wu_Shulian).csv|List_of_Florida_Panthers_players_1.csv|Biathlon_at_the_2010_Winter_Olympics_–_Women's_sprint.csv|List_of_National_Basketball_Association_players_with_most_steals_in_a_game_1.csv|List_of_National_Basketball_Association_players_with_most_blocks_in_a_game_1.csv|List_of_National_Basketball_Association_players_with_most_assists_in_a_game_1.csv|Alpine_skiing_at_the_1956_Winter_Olympics_–_Men's_giant_slalom_1.csv|Archery_at_the_1972_Summer_Olympics_–_Women's_individual_1.csv|Biathlon_World_Championships_2011_–_Women's_individual.csv|Council_Wars.csv|Kentucky–Tennessee_rivalry_1.csv|Biathlon_World_Championships_2012_–_Men's_individual.csv|Biathlon_World_Championships_2012_–_Women's_individual.csv|Biathlon_World_Championships_2012_–_Men's_sprint.csv|List_of_Vedic_Individuals.csv|Sailing_at_the_2012_Summer_Olympics_–_Men's_Laser_class_1.csv|2009_Star_World_Championships.csv|Candidates_in_the_Philippine_Senate_election,_2013.csv|List_of_offenders_executed_in_the_United_States_in_2013.csv|List_of_Internet_exchange_points_by_size.csv|List_of_tallest_buildings_in_New_Orleans.csv|",,,,,,List_of_National_Basketball_Association_players_with_most_assists_in_a_game_1.csv|,"Candidates_in_the_Philippine_Senate_election,_2013.csv|List_of_offenders_executed_in_the_United_States_in_2013.csv|",,,List_of_National_Basketball_Association_players_with_most_steals_in_a_game_1.csv|,,
14,"Újpest_FC_seasons.csv|2008_FEI_World_Cup_Jumping_Final.csv|Chinese_university_ranking_(Wu_Shulian).csv|List_of_Florida_Panthers_players_1.csv|Biathlon_at_the_2010_Winter_Olympics_–_Women's_sprint.csv|List_of_National_Basketball_Association_players_with_most_steals_in_a_game_1.csv|List_of_National_Basketball_Association_players_with_most_blocks_in_a_game_1.csv|List_of_National_Basketball_Association_players_with_most_assists_in_a_game_1.csv|Alpine_skiing_at_the_1956_Winter_Olympics_–_Men's_giant_slalom_1.csv|Archery_at_the_1972_Summer_Olympics_–_Women's_individual_1.csv|Biathlon_World_Championships_2011_–_Women's_individual.csv|Council_Wars.csv|Kentucky–Tennessee_rivalry_1.csv|Biathlon_World_Championships_2012_–_Men's_individual.csv|Biathlon_World_Championships_2012_–_Women's_individual.csv|Biathlon_World_Championships_2012_–_Men's_sprint.csv|List_of_Vedic_Individuals.csv|Sailing_at_the_2012_Summer_Olympics_–_Men's_Laser_class_1.csv|2009_Star_World_Championships.csv|Candidates_in_the_Philippine_Senate_election,_2013.csv|List_of_offenders_executed_in_the_United_States_in_2013.csv|List_of_Internet_exchange_points_by_size.csv|List_of_tallest_buildings_in_New_Orleans.csv|",,,,,,Biathlon_World_Championships_2012_–_Men's_individual.csv|,"Candidates_in_the_Philippine_Senate_election,_2013.csv|List_of_offenders_executed_in_the_United_States_in_2013.csv|",Council_Wars.csv|,,,,
15,"Újpest_FC_seasons.csv|2008_FEI_World_Cup_Jumping_Final.csv|Chinese_university_ranking_(Wu_Shulian).csv|List_of_Florida_Panthers_players_1.csv|Biathlon_at_the_2010_Winter_Olympics_–_Women's_sprint.csv|List_of_National_Basketball_Association_players_with_most_steals_in_a_game_1.csv|List_of_National_Basketball_Association_players_with_most_blocks_in_a_game_1.csv|List_of_National_Basketball_Association_players_with_most_assists_in_a_game_1.csv|Alpine_skiing_at_the_1956_Winter_Olympics_–_Men's_giant_slalom_1.csv|Archery_at_the_1972_Summer_Olympics_–_Women's_individual_1.csv|Biathlon_World_Championships_2011_–_Women's_individual.csv|Council_Wars.csv|Biathlon_World_Championships_2012_–_Men's_individual.csv|Biathlon_World_Championships_2012_–_Women's_individual.csv|Biathlon_World_Championships_2012_–_Men's_sprint.csv|List_of_Vedic_Individuals.csv|Sailing_at_the_2012_Summer_Olympics_–_Men's_Laser_class_1.csv|2009_Star_World_Championships.csv|Candidates_in_the_Philippine_Senate_election,_2013.csv|List_of_offenders_executed_in_the_United_States_in_2013.csv|List_of_Internet_exchange_points_by_size.csv|List_of_tallest_buildings_in_New_Orleans.csv|",,,,,,List_of_National_Basketball_Association_players_with_most_assists_in_a_game_1.csv|,,,,,,
16,"Újpest_FC_seasons.csv|2008_FEI_World_Cup_Jumping_Final.csv|Chinese_university_ranking_(Wu_Shulian).csv|Biathlon_at_the_2010_Winter_Olympics_–_Women's_sprint.csv|List_of_National_Basketball_Association_players_with_most_steals_in_a_game_1.csv|List_of_National_Basketball_Association_players_with_most_blocks_in_a_game_1.csv|List_of_National_Basketball_Association_players_with_most_assists_in_a_game_1.csv|Alpine_skiing_at_the_1956_Winter_Olympics_–_Men's_giant_slalom_1.csv|Archery_at_the_1972_Summer_Olympics_–_Women's_individual_1.csv|Biathlon_World_Championships_2011_–_Women's_individual.csv|Council_Wars.csv|Biathlon_World_Championships_2012_–_Men's_individual.csv|Biathlon_World_Championships_2012_–_Women's_individual.csv|Biathlon_World_Championships_2012_–_Men's_sprint.csv|List_of_Vedic_Individuals.csv|Sailing_at_the_2012_Summer_Olympics_–_Men's_Laser_class_1.csv|2009_Star_World_Championships.csv|Candidates_in_the_Philippine_Senate_election,_2013.csv|List_of_offenders_executed_in_the_United_States_in_2013.csv|List_of_tallest_buildings_in_New_Orleans.csv|",,,,,,,,,,,,
17,"2008_FEI_World_Cup_Jumping_Final.csv|Chinese_university_ranking_(Wu_Shulian).csv|List_of_Florida_Panthers_players_1.csv|Biathlon_at_the_2010_Winter_Olympics_–_Women's_sprint.csv|List_of_National_Basketball_Association_players_with_most_steals_in_a_game_1.csv|List_of_National_Basketball_Association_players_with_most_blocks_in_a_game_1.csv|List_of_National_Basketball_Association_players_with_most_assists_in_a_game_1.csv|Alpine_skiing_at_the_1956_Winter_Olympics_–_Men's_giant_slalom_1.csv|Archery_at_the_1972_Summer_Olympics_–_Women's_individual_1.csv|Biathlon_World_Championships_2011_–_Women's_individual.csv|Council_Wars.csv|Kentucky–Tennessee_rivalry_1.csv|Biathlon_World_Championships_2012_–_Men's_individual.csv|Biathlon_World_Championships_2012_–_Women's_individual.csv|Biathlon_World_Championships_2012_–_Men's_sprint.csv|List_of_Vedic_Individuals.csv|Sailing_at_the_2012_Summer_Olympics_–_Men's_Laser_class_1.csv|2009_Star_World_Championships.csv|Candidates_in_the_Philippine_Senate_election,_2013.csv|List_of_offenders_executed_in_the_United_States_in_2013.csv|List_of_tallest_buildings_in_New_Orleans.csv|",,,,,,,,,,,,
18,"Újpest_FC_seasons.csv|2008_FEI_World_Cup_Jumping_Final.csv|Chinese_university_ranking_(Wu_Shulian).csv|List_of_Florida_Panthers_players_1.csv|Biathlon_at_the_2010_Winter_Olympics_–_Women's_sprint.csv|List_of_National_Basketball_Association_players_with_most_steals_in_a_game_1.csv|List_of_National_Basketball_Association_players_with_most_blocks_in_a_game_1.csv|List_of_National_Basketball_Association_players_with_most_assists_in_a_game_1.csv|Alpine_skiing_at_the_1956_Winter_Olympics_–_Men's_giant_slalom_1.csv|Archery_at_the_1972_Summer_Olympics_–_Women's_individual_1.csv|Biathlon_World_Championships_2011_–_Women's_individual.csv|Council_Wars.csv|Kentucky–Tennessee_rivalry_1.csv|Biathlon_World_Championships_2012_–_Men's_individual.csv|Biathlon_World_Championships_2012_–_Women's_individual.csv|Biathlon_World_Championships_2012_–_Men's_sprint.csv|List_of_Vedic_Individuals.csv|Sailing_at_the_2012_Summer_Olympics_–_Men's_Laser_class_1.csv|2009_Star_World_Championships.csv|Candidates_in_the_Philippine_Senate_election,_2013.csv|List_of_offenders_executed_in_the_United_States_in_2013.csv|List_of_tallest_buildings_in_New_Orleans.csv|",,,,,,,,List_of_offenders_executed_in_the_United_States_in_2013.csv|,,,,
19,"Újpest_FC_seasons.csv|2008_FEI_World_Cup_Jumping_Final.csv|Chinese_university_ranking_(Wu_Shulian).csv|List_of_Florida_Panthers_players_1.csv|Biathlon_at_the_2010_Winter_Olympics_–_Women's_sprint.csv|List_of_National_Basketball_Association_players_with_most_steals_in_a_game_1.csv|List_of_National_Basketball_Association_players_with_most_blocks_in_a_game_1.csv|List_of_National_Basketball_Association_players_with_most_assists_in_a_game_1.csv|Alpine_skiing_at_the_1956_Winter_Olympics_–_Men's_giant_slalom_1.csv|Archery_at_the_1972_Summer_Olympics_–_Women's_individual_1.csv|Biathlon_World_Championships_2011_–_Women's_individual.csv|Council_Wars.csv|Kentucky–Tennessee_rivalry_1.csv|Biathlon_World_Championships_2012_–_Men's_individual.csv|Biathlon_World_Championships_2012_–_Women's_individual.csv|Biathlon_World_Championships_2012_–_Men's_sprint.csv|List_of_Vedic_Individuals.csv|Sailing_at_the_2012_Summer_Olympics_–_Men's_Laser_class_1.csv|2009_Star_World_Championships.csv|Candidates_in_the_Philippine_Senate_election,_2013.csv|List_of_offenders_executed_in_the_United_States_in_2013.csv|",,,,,,,"Candidates_in_the_Philippine_Senate_election,_2013.csv|",List_of_offenders_executed_in_the_United_States_in_2013.csv|,,,,
20,"Újpest_FC_seasons.csv|2008_FEI_World_Cup_Jumping_Final.csv|Chinese_university_ranking_(Wu_Shulian).csv|List_of_Florida_Panthers_players_1.csv|Biathlon_at_the_2010_Winter_Olympics_–_Women's_sprint.csv|List_of_National_Basketball_Association_players_with_most_steals_in_a_game_1.csv|List_of_National_Basketball_Association_players_with_most_blocks_in_a_game_1.csv|List_of_National_Basketball_Association_players_with_most_assists_in_a_game_1.csv|Alpine_skiing_at_the_1956_Winter_Olympics_–_Men's_giant_slalom_1.csv|Archery_at_the_1972_Summer_Olympics_–_Women's_individual_1.csv|List_of_VfL_Bochum_seasons.csv|Biathlon_World_Championships_2011_–_Women's_individual.csv|Council_Wars.csv|Kentucky–Tennessee_rivalry_1.csv|Biathlon_World_Championships_2012_–_Men's_individual.csv|Biathlon_World_Championships_2012_–_Women's_individual.csv|Biathlon_World_Championships_2012_–_Men's_sprint.csv|List_of_Vedic_Individuals.csv|Sailing_at_the_2012_Summer_Olympics_–_Men's_Laser_class_1.csv|2009_Star_World_Championships.csv|Candidates_in_the_Philippine_Senate_election,_2013.csv|List_of_offenders_executed_in_the_United_States_in_2013.csv|List_of_tallest_buildings_in_New_Orleans.csv|",,,,,,,"Candidates_in_the_Philippine_Senate_election,_2013.csv|List_of_offenders_executed_in_the_United_States_in_2013.csv|",,,List_of_National_Basketball_Association_players_with_most_steals_in_a_game_1.csv|,,
21,"Újpest_FC_seasons.csv|2008_FEI_World_Cup_Jumping_Final.csv|Chinese_university_ranking_(Wu_Shulian).csv|List_of_Florida_Panthers_players_1.csv|Biathlon_at_the_2010_Winter_Olympics_–_Women's_sprint.csv|List_of_National_Basketball_Association_players_with_most_steals_in_a_game_1.csv|List_of_National_Basketball_Association_players_with_most_blocks_in_a_game_1.csv|List_of_National_Basketball_Association_players_with_most_assists_in_a_game_1.csv|Alpine_skiing_at_the_1956_Winter_Olympics_–_Men's_giant_slalom_1.csv|Archery_at_the_1972_Summer_Olympics_–_Women's_individual_1.csv|Biathlon_World_Championships_2011_–_Women's_individual.csv|Council_Wars.csv|Kentucky–Tennessee_rivalry_1.csv|Biathlon_World_Championships_2012_–_Men's_individual.csv|Biathlon_World_Championships_2012_–_Women's_individual.csv|Biathlon_World_Championships_2012_–_Men's_sprint.csv|List_of_Vedic_Individuals.csv|Sailing_at_the_2012_Summer_Olympics_–_Men's_Laser_class_1.csv|2009_Star_World_Championships.csv|Candidates_in_the_Philippine_Senate_election,_2013.csv|List_of_offenders_executed_in_the_United_States_in_2013.csv|List_of_Internet_exchange_points_by_size.csv|List_of_tallest_buildings_in_New_Orleans.csv|",,,,,,List_of_National_Basketball_Association_players_with_most_blocks_in_a_game_1.csv|List_of_National_Basketball_Association_players_with_most_assists_in_a_game_1.csv|List_of_Internet_exchange_points_by_size.csv|,,,,,,
22,"Újpest_FC_seasons.csv|2008_FEI_World_Cup_Jumping_Final.csv|Chinese_university_ranking_(Wu_Shulian).csv|List_of_Florida_Panthers_players_1.csv|Biathlon_at_the_2010_Winter_Olympics_–_Women's_sprint.csv|List_of_National_Basketball_Association_players_with_most_steals_in_a_game_1.csv|List_of_National_Basketball_Association_players_with_most_blocks_in_a_game_1.csv|List_of_National_Basketball_Association_players_with_most_assists_in_a_game_1.csv|Archery_at_the_1972_Summer_Olympics_–_Women's_individual_1.csv|Biathlon_World_Championships_2011_–_Women's_individual.csv|Council_Wars.csv|Kentucky–Tennessee_rivalry_1.csv|Biathlon_World_Championships_2012_–_Men's_individual.csv|Biathlon_World_Championships_2012_–_Women's_individual.csv|Biathlon_World_Championships_2012_–_Men's_sprint.csv|List_of_Vedic_Individuals.csv|Sailing_at_the_2012_Summer_Olympics_–_Men's_Laser_class_1.csv|2009_Star_World_Championships.csv|Candidates_in_the_Philippine_Senate_election,_2013.csv|List_of_offenders_executed_in_the_United_States_in_2013.csv|List_of_tallest_buildings_in_New_Orleans.csv|",,,,,,,List_of_offenders_executed_in_the_United_States_in_2013.csv|,Council_Wars.csv|List_of_offenders_executed_in_the_United_States_in_2013.csv|,,,,
23,"Újpest_FC_seasons.csv|2008_FEI_World_Cup_Jumping_Final.csv|Chinese_university_ranking_(Wu_Shulian).csv|List_of_Florida_Panthers_players_1.csv|Biathlon_at_the_2010_Winter_Olympics_–_Women's_sprint.csv|List_of_National_Basketball_Association_players_with_most_steals_in_a_game_1.csv|List_of_National_Basketball_Association_players_with_most_blocks_in_a_game_1.csv|List_of_National_Basketball_Association_players_with_most_assists_in_a_game_1.csv|Archery_at_the_1972_Summer_Olympics_–_Women's_individual_1.csv|Biathlon_World_Championships_2011_–_Women's_individual.csv|Council_Wars.csv|Kentucky–Tennessee_rivalry_1.csv|Biathlon_World_Championships_2012_–_Men's_individual.csv|Biathlon_World_Championships_2012_–_Women's_individual.csv|Biathlon_World_Championships_2012_–_Men's_sprint.csv|List_of_Vedic_Individuals.csv|Sailing_at_the_2012_Summer_Olympics_–_Men's_Laser_class_1.csv|2009_Star_World_Championships.csv|Candidates_in_the_Philippine_Senate_election,_2013.csv|List_of_offenders_executed_in_the_United_States_in_2013.csv|List_of_tallest_buildings_in_New_Orleans.csv|",,,,,,,List_of_offenders_executed_in_the_United_States_in_2013.csv|,,,,,
24,"Újpest_FC_seasons.csv|2008_FEI_World_Cup_Jumping_Final.csv|Chinese_university_ranking_(Wu_Shulian).csv|List_of_Florida_Panthers_players_1.csv|Biathlon_at_the_2010_Winter_Olympics_–_Women's_sprint.csv|List_of_National_Basketball_Association_players_with_most_steals_in_a_game_1.csv|List_of_National_Basketball_Association_players_with_most_blocks_in_a_game_1.csv|List_of_National_Basketball_Association_players_with_most_assists_in_a_game_1.csv|Alpine_skiing_at_the_1956_Winter_Olympics_–_Men's_giant_slalom_1.csv|Archery_at_the_1972_Summer_Olympics_–_Women's_individual_1.csv|Biathlon_World_Championships_2011_–_Women's_individual.csv|Council_Wars.csv|Kentucky–Tennessee_rivalry_1.csv|Biathlon_World_Championships_2012_–_Men's_individual.csv|Biathlon_World_Championships_2012_–_Women's_individual.csv|Biathlon_World_Championships_2012_–_Men's_sprint.csv|List_of_Vedic_Individuals.csv|Sailing_at_the_2012_Summer_Olympics_–_Men's_Laser_class_1.csv|2009_Star_World_Championships.csv|Candidates_in_the_Philippine_Senate_election,_2013.csv|List_of_offenders_executed_in_the_United_States_in_2013.csv|List_of_Internet_exchange_points_by_size.csv|List_of_tallest_buildings_in_New_Orleans.csv|",,,,,,,"Candidates_in_the_Philippine_Senate_election,_2013.csv|List_of_offenders_executed_in_the_United_States_in_2013.csv|",Council_Wars.csv|List_of_offenders_executed_in_the_United_States_in_2013.csv|,,,,
25,"Újpest_FC_seasons.csv|2008_FEI_World_Cup_Jumping_Final.csv|Chinese_university_ranking_(Wu_Shulian).csv|Biathlon_at_the_2010_Winter_Olympics_–_Women's_sprint.csv|List_of_National_Basketball_Association_players_with_most_steals_in_a_game_1.csv|List_of_National_Basketball_Association_players_with_most_blocks_in_a_game_1.csv|List_of_National_Basketball_Association_players_with_most_assists_in_a_game_1.csv|Alpine_skiing_at_the_1956_Winter_Olympics_–_Men's_giant_slalom_1.csv|Archery_at_the_1972_Summer_Olympics_–_Women's_individual_1.csv|Biathlon_World_Championships_2011_–_Women's_individual.csv|Council_Wars.csv|Kentucky–Tennessee_rivalry_1.csv|Biathlon_World_Championships_2012_–_Men's_individual.csv|Biathlon_World_Championships_2012_–_Women's_individual.csv|Biathlon_World_Championships_2012_–_Men's_sprint.csv|List_of_Vedic_Individuals.csv|Sailing_at_the_2012_Summer_Olympics_–_Men's_Laser_class_1.csv|2009_Star_World_Championships.csv|Candidates_in_the_Philippine_Senate_election,_2013.csv|List_of_offenders_executed_in_the_United_States_in_2013.csv|List_of_Internet_exchange_points_by_size.csv|List_of_tallest_buildings_in_New_Orleans.csv|",,,,,,Chinese_university_ranking_(Wu_Shulian).csv|,,Council_Wars.csv|,,,,
26,"Újpest_FC_seasons.csv|2008_FEI_World_Cup_Jumping_Final.csv|Chinese_university_ranking_(Wu_Shulian).csv|List_of_HNK_Hajduk_Split_seasons.csv|List_of_Florida_Panthers_players_1.csv|Biathlon_at_the_2010_Winter_Olympics_–_Women's_sprint.csv|List_of_National_Basketball_Association_players_with_most_steals_in_a_game_1.csv|List_of_National_Basketball_Association_players_with_most_blocks_in_a_game_1.csv|List_of_National_Basketball_Association_players_with_most_assists_in_a_game_1.csv|Alpine_skiing_at_the_1956_Winter_Olympics_–_Men's_giant_slalom_1.csv|Archery_at_the_1972_Summer_Olympics_–_Women's_individual_1.csv|List_of_VfL_Bochum_seasons.csv|Biathlon_World_Championships_2011_–_Women's_individual.csv|Council_Wars.csv|Kentucky–Tennessee_rivalry_1.csv|Biathlon_World_Championships_2012_–_Men's_individual.csv|Biathlon_World_Championships_2012_–_Women's_individual.csv|Biathlon_World_Championships_2012_–_Men's_sprint.csv|List_of_Vedic_Individuals.csv|Sailing_at_the_2012_Summer_Olympics_–_Men's_Laser_class_1.csv|2009_Star_World_Championships.csv|Candidates_in_the_Philippine_Senate_election,_2013.csv|List_of_offenders_executed_in_the_United_States_in_2013.csv|List_of_Internet_exchange_points_by_size.csv|List_of_tallest_buildings_in_New_Orleans.csv|",,,,,,List_of_National_Basketball_Association_players_with_most_assists_in_a_game_1.csv|,"Candidates_in_the_Philippine_Senate_election,_2013.csv|List_of_offenders_executed_in_the_United_States_in_2013.csv|",Council_Wars.csv|List_of_offenders_executed_in_the_United_States_in_2013.csv|,,,,
27,"Újpest_FC_seasons.csv|2008_FEI_World_Cup_Jumping_Final.csv|Chinese_university_ranking_(Wu_Shulian).csv|List_of_Florida_Panthers_players_1.csv|Biathlon_at_the_2010_Winter_Olympics_–_Women's_sprint.csv|List_of_National_Basketball_Association_players_with_most_steals_in_a_game_1.csv|List_of_National_Basketball_Association_players_with_most_blocks_in_a_game_1.csv|List_of_National_Basketball_Association_players_with_most_assists_in_a_game_1.csv|Alpine_skiing_at_the_1956_Winter_Olympics_–_Men's_giant_slalom_1.csv|Archery_at_the_1972_Summer_Olympics_–_Women's_individual_1.csv|Biathlon_World_Championships_2011_–_Women's_individual.csv|Council_Wars.csv|Kentucky–Tennessee_rivalry_1.csv|Biathlon_World_Championships_2012_–_Men's_individual.csv|Biathlon_World_Championships_2012_–_Women's_individual.csv|Biathlon_World_Championships_2012_–_Men's_sprint.csv|List_of_Vedic_Individuals.csv|Sailing_at_the_2012_Summer_Olympics_–_Men's_Laser_class_1.csv|2009_Star_World_Championships.csv|Candidates_in_the_Philippine_Senate_election,_2013.csv|List_of_offenders_executed_in_the_United_States_in_2013.csv|List_of_tallest_buildings_in_New_Orleans.csv|",,,,,,Sailing_at_the_2012_Summer_Olympics_–_Men's_Laser_class_1.csv|,"Candidates_in_the_Philippine_Senate_election,_2013.csv|List_of_offenders_executed_in_the_United_States_in_2013.csv|",List_of_offenders_executed_in_the_United_States_in_2013.csv|,,,,
28,"Újpest_FC_seasons.csv|2008_FEI_World_Cup_Jumping_Final.csv|Chinese_university_ranking_(Wu_Shulian).csv|List_of_HNK_Hajduk_Split_seasons.csv|List_of_Florida_Panthers_players_1.csv|Biathlon_at_the_2010_Winter_Olympics_–_Women's_sprint.csv|List_of_National_Basketball_Association_players_with_most_steals_in_a_game_1.csv|List_of_National_Basketball_Association_players_with_most_blocks_in_a_game_1.csv|List_of_National_Basketball_Association_players_with_most_assists_in_a_game_1.csv|Alpine_skiing_at_the_1956_Winter_Olympics_–_Men's_giant_slalom_1.csv|Archery_at_the_1972_Summer_Olympics_–_Women's_individual_1.csv|Biathlon_World_Championships_2011_–_Women's_individual.csv|Council_Wars.csv|Kentucky–Tennessee_rivalry_1.csv|Biathlon_World_Championships_2012_–_Men's_individual.csv|Biathlon_World_Championships_2012_–_Women's_individual.csv|Biathlon_World_Championships_2012_–_Men's_sprint.csv|List_of_Vedic_Individuals.csv|Sailing_at_the_2012_Summer_Olympics_–_Men's_Laser_class_1.csv|2009_Star_World_Championships.csv|Candidates_in_the_Philippine_Senate_election,_2013.csv|List_of_offenders_executed_in_the_United_States_in_2013.csv|List_of_tallest_buildings_in_New_Orleans.csv|",,,,,,,"Candidates_in_the_Philippine_Senate_election,_2013.csv|",,,,,
29,"Újpest_FC_seasons.csv|2008_FEI_World_Cup_Jumping_Final.csv|Chinese_university_ranking_(Wu_Shulian).csv|List_of_Florida_Panthers_players_1.csv|Biathlon_at_the_2010_Winter_Olympics_–_Women's_sprint.csv|List_of_National_Basketball_Association_players_with_most_steals_in_a_game_1.csv|List_of_National_Basketball_Association_players_with_most_blocks_in_a_game_1.csv|List_of_National_Basketball_Association_players_with_most_assists_in_a_game_1.csv|Alpine_skiing_at_the_1956_Winter_Olympics_–_Men's_giant_slalom_1.csv|Archery_at_the_1972_Summer_Olympics_–_Women's_individual_1.csv|Biathlon_World_Championships_2011_–_Women's_individual.csv|Council_Wars.csv|Kentucky–Tennessee_rivalry_1.csv|Biathlon_World_Championships_2012_–_Men's_individual.csv|Biathlon_World_Championships_2012_–_Women's_individual.csv|Biathlon_World_Championships_2012_–_Men's_sprint.csv|List_of_Vedic_Individuals.csv|Sailing_at_the_2012_Summer_Olympics_–_Men's_Laser_class_1.csv|2009_Star_World_Championships.csv|Candidates_in_the_Philippine_Senate_election,_2013.csv|List_of_offenders_executed_in_the_United_States_in_2013.csv|List_of_Internet_exchange_points_by_size.csv|List_of_tallest_buildings_in_New_Orleans.csv|",,,,,,,"Candidates_in_the_Philippine_Senate_election,_2013.csv|List_of_offenders_executed_in_the_United_States_in_2013.csv|",Council_Wars.csv|,,,,
30,"2008_FEI_World_Cup_Jumping_Final.csv|Chinese_university_ranking_(Wu_Shulian).csv|List_of_HNK_Hajduk_Split_seasons.csv|Biathlon_at_the_2010_Winter_Olympics_–_Women's_sprint.csv|List_of_National_Basketball_Association_players_with_most_steals_in_a_game_1.csv|List_of_National_Basketball_Association_players_with_most_blocks_in_a_game_1.csv|List_of_National_Basketball_Association_players_with_most_assists_in_a_game_1.csv|Alpine_skiing_at_the_1956_Winter_Olympics_–_Men's_giant_slalom_1.csv|Archery_at_the_1972_Summer_Olympics_–_Women's_individual_1.csv|List_of_VfL_Bochum_seasons.csv|Biathlon_World_Championships_2011_–_Women's_individual.csv|Council_Wars.csv|Kentucky–Tennessee_rivalry_1.csv|Biathlon_World_Championships_2012_–_Men's_individual.csv|Biathlon_World_Championships_2012_–_Women's_individual.csv|Biathlon_World_Championships_2012_–_Men's_sprint.csv|List_of_Vedic_Individuals.csv|Sailing_at_the_2012_Summer_Olympics_–_Men's_Laser_class_1.csv|2009_Star_World_Championships.csv|Candidates_in_the_Philippine_Senate_election,_2013.csv|List_of_offenders_executed_in_the_United_States_in_2013.csv|List_of_Internet_exchange_points_by_size.csv|",,,,,,,"Candidates_in_the_Philippine_Senate_election,_2013.csv|List_of_offenders_executed_in_the_United_States_in_2013.csv|",Council_Wars.csv|List_of_offenders_executed_in_the_United_States_in_2013.csv|,,,,
31,"2008_FEI_World_Cup_Jumping_Final.csv|Chinese_university_ranking_(Wu_Shulian).csv|List_of_Florida_Panthers_players_1.csv|Biathlon_at_the_2010_Winter_Olympics_–_Women's_sprint.csv|List_of_National_Basketball_Association_players_with_most_steals_in_a_game_1.csv|List_of_National_Basketball_Association_players_with_most_blocks_in_a_game_1.csv|List_of_National_Basketball_Association_players_with_most_assists_in_a_game_1.csv|Alpine_skiing_at_the_1956_Winter_Olympics_–_Men's_giant_slalom_1.csv|Biathlon_World_Championships_2011_–_Women's_individual.csv|Council_Wars.csv|Kentucky–Tennessee_rivalry_1.csv|Biathlon_World_Championships_2012_–_Men's_individual.csv|Biathlon_World_Championships_2012_–_Women's_individual.csv|Biathlon_World_Championships_2012_–_Men's_sprint.csv|List_of_Vedic_Individuals.csv|Sailing_at_the_2012_Summer_Olympics_–_Men's_Laser_class_1.csv|2009_Star_World_Championships.csv|Candidates_in_the_Philippine_Senate_election,_2013.csv|List_of_offenders_executed_in_the_United_States_in_2013.csv|List_of_Internet_exchange_points_by_size.csv|List_of_tallest_buildings_in_New_Orleans.csv|",,,,,,,,List_of_offenders_executed_in_the_United_States_in_2013.csv|,,,,
32,"2008_FEI_World_Cup_Jumping_Final.csv|Chinese_university_ranking_(Wu_Shulian).csv|List_of_Florida_Panthers_players_1.csv|Biathlon_at_the_2010_Winter_Olympics_–_Women's_sprint.csv|List_of_National_Basketball_Association_players_with_most_steals_in_a_game_1.csv|List_of_National_Basketball_Association_players_with_most_blocks_in_a_game_1.csv|List_of_National_Basketball_Association_players_with_most_assists_in_a_game_1.csv|Alpine_skiing_at_the_1956_Winter_Olympics_–_Men's_giant_slalom_1.csv|Biathlon_World_Championships_2011_–_Women's_individual.csv|Council_Wars.csv|Kentucky–Tennessee_rivalry_1.csv|Biathlon_World_Championships_2012_–_Men's_individual.csv|Biathlon_World_Championships_2012_–_Women's_individual.csv|Biathlon_World_Championships_2012_–_Men's_sprint.csv|List_of_Vedic_Individuals.csv|Sailing_at_the_2012_Summer_Olympics_–_Men's_Laser_class_1.csv|2009_Star_World_Championships.csv|Candidates_in_the_Philippine_Senate_election,_2013.csv|List_of_offenders_executed_in_the_United_States_in_2013.csv|",,,,,,2009_Star_World_Championships.csv|,List_of_offenders_executed_in_the_United_States_in_2013.csv|,,,,,
33,"Újpest_FC_seasons.csv|2008_FEI_World_Cup_Jumping_Final.csv|Chinese_university_ranking_(Wu_Shulian).csv|List_of_HNK_Hajduk_Split_seasons.csv|List_of_Florida_Panthers_players_1.csv|Biathlon_at_the_2010_Winter_Olympics_–_Women's_sprint.csv|List_of_National_Basketball_Association_players_with_most_steals_in_a_game_1.csv|Archery_at_the_1972_Summer_Olympics_–_Women's_individual_1.csv|List_of_VfL_Bochum_seasons.csv|Biathlon_World_Championships_2011_–_Women's_individual.csv|Council_Wars.csv|Kentucky–Tennessee_rivalry_1.csv|Biathlon_World_Championships_2012_–_Men's_individual.csv|Biathlon_World_Championships_2012_–_Women's_individual.csv|Biathlon_World_Championships_2012_–_Men's_sprint.csv|List_of_Vedic_Individuals.csv|Sailing_at_the_2012_Summer_Olympics_–_Men's_Laser_class_1.csv|2009_Star_World_Championships.csv|Candidates_in_the_Philippine_Senate_election,_2013.csv|List_of_Internet_exchange_points_by_size.csv|List_of_tallest_buildings_in_New_Orleans.csv|",,,,,,,List_of_Vedic_Individuals.csv|,,,,,
34,2008_FEI_World_Cup_Jumping_Final.csv|Chinese_university_ranking_(Wu_Shulian).csv|List_of_HNK_Hajduk_Split_seasons.csv|List_of_Florida_Panthers_players_1.csv|Biathlon_at_the_2010_Winter_Olympics_–_Women's_sprint.csv|List_of_National_Basketball_Association_players_with_most_blocks_in_a_game_1.csv|List_of_National_Basketball_Association_players_with_most_assists_in_a_game_1.csv|Archery_at_the_1972_Summer_Olympics_–_Women's_individual_1.csv|List_of_VfL_Bochum_seasons.csv|Biathlon_World_Championships_2011_–_Women's_individual.csv|Council_Wars.csv|Kentucky–Tennessee_rivalry_1.csv|Biathlon_World_Championships_2012_–_Men's_individual.csv|Biathlon_World_Championships_2012_–_Women's_individual.csv|Biathlon_World_Championships_2012_–_Men's_sprint.csv|List_of_Vedic_Individuals.csv|Sailing_at_the_2012_Summer_Olympics_–_Men's_Laser_class_1.csv|2009_Star_World_Championships.csv|List_of_tallest_buildings_in_New_Orleans.csv|,,,,,,Chinese_university_ranking_(Wu_Shulian).csv|,,Council_Wars.csv|,,,,
35,Újpest_FC_seasons.csv|2008_FEI_World_Cup_Jumping_Final.csv|Chinese_university_ranking_(Wu_Shulian).csv|List_of_HNK_Hajduk_Split_seasons.csv|List_of_Florida_Panthers_players_1.csv|Biathlon_at_the_2010_Winter_Olympics_–_Women's_sprint.csv|List_of_National_Basketball_Association_players_with_most_blocks_in_a_game_1.csv|List_of_National_Basketball_Association_players_with_most_assists_in_a_game_1.csv|Alpine_skiing_at_the_1956_Winter_Olympics_–_Men's_giant_slalom_1.csv|Archery_at_the_1972_Summer_Olympics_–_Women's_individual_1.csv|List_of_VfL_Bochum_seasons.csv|Biathlon_World_Championships_2011_–_Women's_individual.csv|Council_Wars.csv|Kentucky–Tennessee_rivalry_1.csv|Biathlon_World_Championships_2012_–_Men's_individual.csv|Biathlon_World_Championships_2012_–_Women's_individual.csv|Biathlon_World_Championships_2012_–_Men's_sprint.csv|List_of_Vedic_Individuals.csv|Sailing_at_the_2012_Summer_Olympics_–_Men's_Laser_class_1.csv|2009_Star_World_Championships.csv|List_of_Internet_exchange_points_by_size.csv|List_of_tallest_buildings_in_New_Orleans.csv|,,,,,,,,,,,,
36,Újpest_FC_seasons.csv|2008_FEI_World_Cup_Jumping_Final.csv|Chinese_university_ranking_(Wu_Shulian).csv|List_of_Florida_Panthers_players_1.csv|Biathlon_at_the_2010_Winter_Olympics_–_Women's_sprint.csv|Alpine_skiing_at_the_1956_Winter_Olympics_–_Men's_giant_slalom_1.csv|Archery_at_the_1972_Summer_Olympics_–_Women's_individual_1.csv|List_of_VfL_Bochum_seasons.csv|Biathlon_World_Championships_2011_–_Women's_individual.csv|Council_Wars.csv|Kentucky–Tennessee_rivalry_1.csv|Biathlon_World_Championships_2012_–_Men's_individual.csv|Biathlon_World_Championships_2012_–_Women's_individual.csv|Biathlon_World_Championships_2012_–_Men's_sprint.csv|List_of_Vedic_Individuals.csv|Sailing_at_the_2012_Summer_Olympics_–_Men's_Laser_class_1.csv|2009_Star_World_Championships.csv|List_of_tallest_buildings_in_New_Orleans.csv|,,,,,,,,Council_Wars.csv|,,,,
37,Újpest_FC_seasons.csv|2008_FEI_World_Cup_Jumping_Final.csv|Chinese_university_ranking_(Wu_Shulian).csv|Biathlon_at_the_2010_Winter_Olympics_–_Women's_sprint.csv|List_of_National_Basketball_Association_players_with_most_assists_in_a_game_1.csv|Alpine_skiing_at_the_1956_Winter_Olympics_–_Men's_giant_slalom_1.csv|Archery_at_the_1972_Summer_Olympics_–_Women's_individual_1.csv|List_of_VfL_Bochum_seasons.csv|Biathlon_World_Championships_2011_–_Women's_individual.csv|Council_Wars.csv|Kentucky–Tennessee_rivalry_1.csv|Biathlon_World_Championships_2012_–_Men's_individual.csv|Biathlon_World_Championships_2012_–_Women's_individual.csv|Biathlon_World_Championships_2012_–_Men's_sprint.csv|List_of_Vedic_Individuals.csv|Sailing_at_the_2012_Summer_Olympics_–_Men's_Laser_class_1.csv|2009_Star_World_Championships.csv|,,,,,,,,,,,,
38,Újpest_FC_seasons.csv|2008_FEI_World_Cup_Jumping_Final.csv|Chinese_university_ranking_(Wu_Shulian).csv|Biathlon_at_the_2010_Winter_Olympics_–_Women's_sprint.csv|List_of_National_Basketball_Association_players_with_most_steals_in_a_game_1.csv|List_of_National_Basketball_Association_players_with_most_blocks_in_a_game_1.csv|Alpine_skiing_at_the_1956_Winter_Olympics_–_Men's_giant_slalom_1.csv|Archery_at_the_1972_Summer_Olympics_–_Women's_individual_1.csv|List_of_VfL_Bochum_seasons.csv|Biathlon_World_Championships_2011_–_Women's_individual.csv|Council_Wars.csv|Biathlon_World_Championships_2012_–_Men's_individual.csv|Biathlon_World_Championships_2012_–_Women's_individual.csv|Biathlon_World_Championships_2012_–_Men's_sprint.csv|List_of_Vedic_Individuals.csv|Sailing_at_the_2012_Summer_Olympics_–_Men's_Laser_class_1.csv|2009_Star_World_Championships.csv|List_of_Internet_exchange_points_by_size.csv|,,,,,,Biathlon_at_the_2010_Winter_Olympics_–_Women's_sprint.csv|,,,,,,
39,2008_FEI_World_Cup_Jumping_Final.csv|Chinese_university_ranking_(Wu_Shulian).csv|List_of_HNK_Hajduk_Split_seasons.csv|List_of_Florida_Panthers_players_1.csv|Biathlon_at_the_2010_Winter_Olympics_–_Women's_sprint.csv|List_of_National_Basketball_Association_players_with_most_steals_in_a_game_1.csv|List_of_National_Basketball_Association_players_with_most_blocks_in_a_game_1.csv|Alpine_skiing_at_the_1956_Winter_Olympics_–_Men's_giant_slalom_1.csv|Archery_at_the_1972_Summer_Olympics_–_Women's_individual_1.csv|List_of_VfL_Bochum_seasons.csv|Biathlon_World_Championships_2011_–_Women's_individual.csv|Council_Wars.csv|Kentucky–Tennessee_rivalry_1.csv|Biathlon_World_Championships_2012_–_Women's_individual.csv|Biathlon_World_Championships_2012_–_Men's_sprint.csv|List_of_Vedic_Individuals.csv|Sailing_at_the_2012_Summer_Olympics_–_Men's_Laser_class_1.csv|2009_Star_World_Championships.csv|List_of_Internet_exchange_points_by_size.csv|,,,,,,,,Council_Wars.csv|,,,,
40,Újpest_FC_seasons.csv|Chinese_university_ranking_(Wu_Shulian).csv|List_of_HNK_Hajduk_Split_seasons.csv|Biathlon_at_the_2010_Winter_Olympics_–_Women's_sprint.csv|List_of_National_Basketball_Association_players_with_most_steals_in_a_game_1.csv|List_of_National_Basketball_Association_players_with_most_blocks_in_a_game_1.csv|Alpine_skiing_at_the_1956_Winter_Olympics_–_Men's_giant_slalom_1.csv|Archery_at_the_1972_Summer_Olympics_–_Women's_individual_1.csv|List_of_VfL_Bochum_seasons.csv|Biathlon_World_Championships_2011_–_Women's_individual.csv|Council_Wars.csv|Kentucky–Tennessee_rivalry_1.csv|Biathlon_World_Championships_2012_–_Men's_individual.csv|Biathlon_World_Championships_2012_–_Women's_individual.csv|Biathlon_World_Championships_2012_–_Men's_sprint.csv|List_of_Vedic_Individuals.csv|Sailing_at_the_2012_Summer_Olympics_–_Men's_Laser_class_1.csv|2009_Star_World_Championships.csv|,,,,,,,,,,,,
41,Újpest_FC_seasons.csv|Chinese_university_ranking_(Wu_Shulian).csv|List_of_HNK_Hajduk_Split_seasons.csv|List_of_Florida_Panthers_players_1.csv|Biathlon_at_the_2010_Winter_Olympics_–_Women's_sprint.csv|List_of_National_Basketball_Association_players_with_most_assists_in_a_game_1.csv|Alpine_skiing_at_the_1956_Winter_Olympics_–_Men's_giant_slalom_1.csv|List_of_VfL_Bochum_seasons.csv|Biathlon_World_Championships_2011_–_Women's_individual.csv|Council_Wars.csv|Kentucky–Tennessee_rivalry_1.csv|Biathlon_World_Championships_2012_–_Men's_individual.csv|Biathlon_World_Championships_2012_–_Women's_individual.csv|Biathlon_World_Championships_2012_–_Men's_sprint.csv|List_of_Vedic_Individuals.csv|Sailing_at_the_2012_Summer_Olympics_–_Men's_Laser_class_1.csv|2009_Star_World_Championships.csv|,,,,,,,,Council_Wars.csv|,,,,
42,Újpest_FC_seasons.csv|Chinese_university_ranking_(Wu_Shulian).csv|List_of_HNK_Hajduk_Split_seasons.csv|List_of_Florida_Panthers_players_1.csv|Biathlon_at_the_2010_Winter_Olympics_–_Women's_sprint.csv|Alpine_skiing_at_the_1956_Winter_Olympics_–_Men's_giant_slalom_1.csv|Biathlon_World_Championships_2011_–_Women's_individual.csv|Council_Wars.csv|Kentucky–Tennessee_rivalry_1.csv|Biathlon_World_Championships_2012_–_Men's_individual.csv|Biathlon_World_Championships_2012_–_Women's_individual.csv|Biathlon_World_Championships_2012_–_Men's_sprint.csv|List_of_Vedic_Individuals.csv|Sailing_at_the_2012_Summer_Olympics_–_Men's_Laser_class_1.csv|2009_Star_World_Championships.csv|,,,,,,,,,,,,
43,Újpest_FC_seasons.csv|Chinese_university_ranking_(Wu_Shulian).csv|List_of_HNK_Hajduk_Split_seasons.csv|List_of_Florida_Panthers_players_1.csv|Biathlon_at_the_2010_Winter_Olympics_–_Women's_sprint.csv|List_of_National_Basketball_Association_players_with_most_blocks_in_a_game_1.csv|List_of_National_Basketball_Association_players_with_most_assists_in_a_game_1.csv|Alpine_skiing_at_the_1956_Winter_Olympics_–_Men's_giant_slalom_1.csv|List_of_VfL_Bochum_seasons.csv|Biathlon_World_Championships_2011_–_Women's_individual.csv|Council_Wars.csv|Kentucky–Tennessee_rivalry_1.csv|Biathlon_World_Championships_2012_–_Men's_individual.csv|Biathlon_World_Championships_2012_–_Women's_individual.csv|Biathlon_World_Championships_2012_–_Men's_sprint.csv|List_of_Vedic_Individuals.csv|Sailing_at_the_2012_Summer_Olympics_–_Men's_Laser_class_1.csv|2009_Star_World_Championships.csv|List_of_Internet_exchange_points_by_size.csv|,,,,,,,,,,,,
44,Újpest_FC_seasons.csv|List_of_HNK_Hajduk_Split_seasons.csv|List_of_Florida_Panthers_players_1.csv|Biathlon_at_the_2010_Winter_Olympics_–_Women's_sprint.csv|List_of_National_Basketball_Association_players_with_most_assists_in_a_game_1.csv|Alpine_skiing_at_the_1956_Winter_Olympics_–_Men's_giant_slalom_1.csv|List_of_VfL_Bochum_seasons.csv|Biathlon_World_Championships_2011_–_Women's_individual.csv|Council_Wars.csv|Kentucky–Tennessee_rivalry_1.csv|Biathlon_World_Championships_2012_–_Men's_individual.csv|Biathlon_World_Championships_2012_–_Women's_individual.csv|Biathlon_World_Championships_2012_–_Men's_sprint.csv|List_of_Vedic_Individuals.csv|Sailing_at_the_2012_Summer_Olympics_–_Men's_Laser_class_1.csv|2009_Star_World_Championships.csv|,,,,,,,,Council_Wars.csv|,,,,
45,Chinese_university_ranking_(Wu_Shulian).csv|List_of_HNK_Hajduk_Split_seasons.csv|List_of_Florida_Panthers_players_1.csv|Biathlon_at_the_2010_Winter_Olympics_–_Women's_sprint.csv|Alpine_skiing_at_the_1956_Winter_Olympics_–_Men's_giant_slalom_1.csv|List_of_VfL_Bochum_seasons.csv|Biathlon_World_Championships_2011_–_Women's_individual.csv|Council_Wars.csv|Biathlon_World_Championships_2012_–_Men's_individual.csv|Biathlon_World_Championships_2012_–_Women's_individual.csv|Biathlon_World_Championships_2012_–_Men's_sprint.csv|List_of_Vedic_Individuals.csv|Sailing_at_the_2012_Summer_Olympics_–_Men's_Laser_class_1.csv|2009_Star_World_Championships.csv|List_of_Internet_exchange_points_by_size.csv|,,,,,,,,,,,,
46,Újpest_FC_seasons.csv|Chinese_university_ranking_(Wu_Shulian).csv|List_of_Florida_Panthers_players_1.csv|Biathlon_at_the_2010_Winter_Olympics_–_Women's_sprint.csv|Alpine_skiing_at_the_1956_Winter_Olympics_–_Men's_giant_slalom_1.csv|List_of_VfL_Bochum_seasons.csv|Biathlon_World_Championships_2011_–_Women's_individual.csv|Council_Wars.csv|Kentucky–Tennessee_rivalry_1.csv|Biathlon_World_Championships_2012_–_Men's_individual.csv|Biathlon_World_Championships_2012_–_Women's_individual.csv|Biathlon_World_Championships_2012_–_Men's_sprint.csv|List_of_Vedic_Individuals.csv|Sailing_at_the_2012_Summer_Olympics_–_Men's_Laser_class_1.csv|2009_Star_World_Championships.csv|List_of_Internet_exchange_points_by_size.csv|,,,,,,List_of_VfL_Bochum_seasons.csv|,,,,,,
47,Chinese_university_ranking_(Wu_Shulian).csv|List_of_HNK_Hajduk_Split_seasons.csv|Biathlon_at_the_2010_Winter_Olympics_–_Women's_sprint.csv|Alpine_skiing_at_the_1956_Winter_Olympics_–_Men's_giant_slalom_1.csv|List_of_VfL_Bochum_seasons.csv|Biathlon_World_Championships_2011_–_Women's_individual.csv|Council_Wars.csv|Kentucky–Tennessee_rivalry_1.csv|Biathlon_World_Championships_2012_–_Men's_individual.csv|Biathlon_World_Championships_2012_–_Women's_individual.csv|Biathlon_World_Championships_2012_–_Men's_sprint.csv|List_of_Vedic_Individuals.csv|Sailing_at_the_2012_Summer_Olympics_–_Men's_Laser_class_1.csv|2009_Star_World_Championships.csv|,,,,,,,,Council_Wars.csv|,,,,
48,Újpest_FC_seasons.csv|Chinese_university_ranking_(Wu_Shulian).csv|List_of_Florida_Panthers_players_1.csv|Biathlon_at_the_2010_Winter_Olympics_–_Women's_sprint.csv|Alpine_skiing_at_the_1956_Winter_Olympics_–_Men's_giant_slalom_1.csv|List_of_VfL_Bochum_seasons.csv|Biathlon_World_Championships_2011_–_Women's_individual.csv|Council_Wars.csv|Kentucky–Tennessee_rivalry_1.csv|Biathlon_World_Championships_2012_–_Men's_individual.csv|Biathlon_World_Championships_2012_–_Women's_individual.csv|Biathlon_World_Championships_2012_–_Men's_sprint.csv|List_of_Vedic_Individuals.csv|Sailing_at_the_2012_Summer_Olympics_–_Men's_Laser_class_1.csv|2009_Star_World_Championships.csv|,,,,,,,,,,,,
49,Újpest_FC_seasons.csv|Chinese_university_ranking_(Wu_Shulian).csv|List_of_HNK_Hajduk_Split_seasons.csv|Biathlon_at_the_2010_Winter_Olympics_–_Women's_sprint.csv|Alpine_skiing_at_the_1956_Winter_Olympics_–_Men's_giant_slalom_1.csv|List_of_VfL_Bochum_seasons.csv|Biathlon_World_Championships_2011_–_Women's_individual.csv|Council_Wars.csv|Biathlon_World_Championships_2012_–_Men's_individual.csv|Biathlon_World_Championships_2012_–_Women's_individual.csv|Biathlon_World_Championships_2012_–_Men's_sprint.csv|List_of_Vedic_Individuals.csv|Sailing_at_the_2012_Summer_Olympics_–_Men's_Laser_class_1.csv|2009_Star_World_Championships.csv|,,,,,,,,Council_Wars.csv|,,,,
50,Chinese_university_ranking_(Wu_Shulian).csv|List_of_HNK_Hajduk_Split_seasons.csv|List_of_Florida_Panthers_players_1.csv|Biathlon_at_the_2010_Winter_Olympics_–_Women's_sprint.csv|Alpine_skiing_at_the_1956_Winter_Olympics_–_Men's_giant_slalom_1.csv|List_of_VfL_Bochum_seasons.csv|Biathlon_World_Championships_2011_–_Women's_individual.csv|Council_Wars.csv|Kentucky–Tennessee_rivalry_1.csv|Biathlon_World_Championships_2012_–_Men's_individual.csv|Biathlon_World_Championships_2012_–_Women's_individual.csv|Biathlon_World_Championships_2012_–_Men's_sprint.csv|List_of_Vedic_Individuals.csv|2009_Star_World_Championships.csv|,,,,,,,,,,,,
51,Chinese_university_ranking_(Wu_Shulian).csv|List_of_HNK_Hajduk_Split_seasons.csv|List_of_Florida_Panthers_players_1.csv|Biathlon_at_the_2010_Winter_Olympics_–_Women's_sprint.csv|Alpine_skiing_at_the_1956_Winter_Olympics_–_Men's_giant_slalom_1.csv|List_of_VfL_Bochum_seasons.csv|Biathlon_World_Championships_2011_–_Women's_individual.csv|Biathlon_World_Championships_2012_–_Men's_individual.csv|Biathlon_World_Championships_2012_–_Women's_individual.csv|Biathlon_World_Championships_2012_–_Men's_sprint.csv|List_of_Vedic_Individuals.csv|2009_Star_World_Championships.csv|,,,,,,,,,,,,
52,Chinese_university_ranking_(Wu_Shulian).csv|List_of_HNK_Hajduk_Split_seasons.csv|List_of_Florida_Panthers_players_1.csv|Biathlon_at_the_2010_Winter_Olympics_–_Women's_sprint.csv|List_of_National_Basketball_Association_players_with_most_steals_in_a_game_1.csv|Alpine_skiing_at_the_1956_Winter_Olympics_–_Men's_giant_slalom_1.csv|List_of_VfL_Bochum_seasons.csv|Biathlon_World_Championships_2011_–_Women's_individual.csv|Kentucky–Tennessee_rivalry_1.csv|Biathlon_World_Championships_2012_–_Men's_individual.csv|Biathlon_World_Championships_2012_–_Women's_individual.csv|Biathlon_World_Championships_2012_–_Men's_sprint.csv|List_of_Vedic_Individuals.csv|2009_Star_World_Championships.csv|,,,,,,,,,,,,
53,Újpest_FC_seasons.csv|Chinese_university_ranking_(Wu_Shulian).csv|List_of_HNK_Hajduk_Split_seasons.csv|List_of_Florida_Panthers_players_1.csv|Biathlon_at_the_2010_Winter_Olympics_–_Women's_sprint.csv|Alpine_skiing_at_the_1956_Winter_Olympics_–_Men's_giant_slalom_1.csv|List_of_VfL_Bochum_seasons.csv|Biathlon_World_Championships_2011_–_Women's_individual.csv|Kentucky–Tennessee_rivalry_1.csv|Biathlon_World_Championships_2012_–_Men's_individual.csv|Biathlon_World_Championships_2012_–_Women's_individual.csv|Biathlon_World_Championships_2012_–_Men's_sprint.csv|List_of_Vedic_Individuals.csv|2009_Star_World_Championships.csv|,,,,,,,,,,,,
54,Chinese_university_ranking_(Wu_Shulian).csv|List_of_Florida_Panthers_players_1.csv|Biathlon_at_the_2010_Winter_Olympics_–_Women's_sprint.csv|Alpine_skiing_at_the_1956_Winter_Olympics_–_Men's_giant_slalom_1.csv|List_of_VfL_Bochum_seasons.csv|Biathlon_World_Championships_2011_–_Women's_individual.csv|Kentucky–Tennessee_rivalry_1.csv|Biathlon_World_Championships_2012_–_Men's_individual.csv|Biathlon_World_Championships_2012_–_Women's_individual.csv|Biathlon_World_Championships_2012_–_Men's_sprint.csv|List_of_Vedic_Individuals.csv|2009_Star_World_Championships.csv|,,,,,,,,,,,,
55,Chinese_university_ranking_(Wu_Shulian).csv|List_of_HNK_Hajduk_Split_seasons.csv|List_of_Florida_Panthers_players_1.csv|Biathlon_at_the_2010_Winter_Olympics_–_Women's_sprint.csv|List_of_VfL_Bochum_seasons.csv|Biathlon_World_Championships_2011_–_Women's_individual.csv|Kentucky–Tennessee_rivalry_1.csv|Biathlon_World_Championships_2012_–_Men's_individual.csv|Biathlon_World_Championships_2012_–_Women's_individual.csv|Biathlon_World_Championships_2012_–_Men's_sprint.csv|List_of_Vedic_Individuals.csv|2009_Star_World_Championships.csv|List_of_Internet_exchange_points_by_size.csv|,,,,,,,,,,,,
56,Újpest_FC_seasons.csv|Chinese_university_ranking_(Wu_Shulian).csv|List_of_HNK_Hajduk_Split_seasons.csv|List_of_Florida_Panthers_players_1.csv|Biathlon_at_the_2010_Winter_Olympics_–_Women's_sprint.csv|List_of_VfL_Bochum_seasons.csv|Biathlon_World_Championships_2011_–_Women's_individual.csv|Biathlon_World_Championships_2012_–_Men's_individual.csv|Biathlon_World_Championships_2012_–_Women's_individual.csv|Biathlon_World_Championships_2012_–_Men's_sprint.csv|List_of_Vedic_Individuals.csv|2009_Star_World_Championships.csv|,,,,,,,List_of_Vedic_Individuals.csv|,,,,,
57,Újpest_FC_seasons.csv|Chinese_university_ranking_(Wu_Shulian).csv|List_of_HNK_Hajduk_Split_seasons.csv|Biathlon_at_the_2010_Winter_Olympics_–_Women's_sprint.csv|List_of_VfL_Bochum_seasons.csv|Biathlon_World_Championships_2011_–_Women's_individual.csv|Kentucky–Tennessee_rivalry_1.csv|Biathlon_World_Championships_2012_–_Men's_individual.csv|Biathlon_World_Championships_2012_–_Women's_individual.csv|Biathlon_World_Championships_2012_–_Men's_sprint.csv|List_of_Vedic_Individuals.csv|2009_Star_World_Championships.csv|,,,,,,List_of_VfL_Bochum_seasons.csv|,,,,,,
58,Újpest_FC_seasons.csv|Chinese_university_ranking_(Wu_Shulian).csv|List_of_Florida_Panthers_players_1.csv|Biathlon_at_the_2010_Winter_Olympics_–_Women's_sprint.csv|Alpine_skiing_at_the_1956_Winter_Olympics_–_Men's_giant_slalom_1.csv|List_of_VfL_Bochum_seasons.csv|Biathlon_World_Championships_2011_–_Women's_individual.csv|Kentucky–Tennessee_rivalry_1.csv|Biathlon_World_Championships_2012_–_Men's_individual.csv|Biathlon_World_Championships_2012_–_Women's_individual.csv|Biathlon_World_Championships_2012_–_Men's_sprint.csv|List_of_Vedic_Individuals.csv|2009_Star_World_Championships.csv|,,,,,,,,,,,,
59,Újpest_FC_seasons.csv|Chinese_university_ranking_(Wu_Shulian).csv|List_of_Florida_Panthers_players_1.csv|Biathlon_at_the_2010_Winter_Olympics_–_Women's_sprint.csv|Alpine_skiing_at_the_1956_Winter_Olympics_–_Men's_giant_slalom_1.csv|List_of_VfL_Bochum_seasons.csv|Biathlon_World_Championships_2011_–_Women's_individual.csv|Biathlon_World_Championships_2012_–_Men's_individual.csv|Biathlon_World_Championships_2012_–_Women's_individual.csv|Biathlon_World_Championships_2012_–_Men's_sprint.csv|List_of_Vedic_Individuals.csv|2009_Star_World_Championships.csv|List_of_Internet_exchange_points_by_size.csv|,,,,,,,,,,,,
60,Újpest_FC_seasons.csv|Chinese_university_ranking_(Wu_Shulian).csv|List_of_Florida_Panthers_players_1.csv|Biathlon_at_the_2010_Winter_Olympics_–_Women's_sprint.csv|Alpine_skiing_at_the_1956_Winter_Olympics_–_Men's_giant_slalom_1.csv|List_of_VfL_Bochum_seasons.csv|Biathlon_World_Championships_2011_–_Women's_individual.csv|Kentucky–Tennessee_rivalry_1.csv|Biathlon_World_Championships_2012_–_Men's_individual.csv|Biathlon_World_Championships_2012_–_Women's_individual.csv|Biathlon_World_Championships_2012_–_Men's_sprint.csv|List_of_Vedic_Individuals.csv|2009_Star_World_Championships.csv|List_of_Internet_exchange_points_by_size.csv|,,,,,,,,,,,,
61,Chinese_university_ranking_(Wu_Shulian).csv|List_of_HNK_Hajduk_Split_seasons.csv|List_of_Florida_Panthers_players_1.csv|Biathlon_at_the_2010_Winter_Olympics_–_Women's_sprint.csv|Alpine_skiing_at_the_1956_Winter_Olympics_–_Men's_giant_slalom_1.csv|List_of_VfL_Bochum_seasons.csv|Biathlon_World_Championships_2011_–_Women's_individual.csv|Kentucky–Tennessee_rivalry_1.csv|Biathlon_World_Championships_2012_–_Men's_individual.csv|Biathlon_World_Championships_2012_–_Women's_individual.csv|Biathlon_World_Championships_2012_–_Men's_sprint.csv|List_of_Vedic_Individuals.csv|2009_Star_World_Championships.csv|List_of_Internet_exchange_points_by_size.csv|,,,,,,,,,,,,
62,Újpest_FC_seasons.csv|Chinese_university_ranking_(Wu_Shulian).csv|List_of_HNK_Hajduk_Split_seasons.csv|List_of_Florida_Panthers_players_1.csv|Biathlon_at_the_2010_Winter_Olympics_–_Women's_sprint.csv|Alpine_skiing_at_the_1956_Winter_Olympics_–_Men's_giant_slalom_1.csv|Biathlon_World_Championships_2011_–_Women's_individual.csv|Kentucky–Tennessee_rivalry_1.csv|Biathlon_World_Championships_2012_–_Men's_individual.csv|Biathlon_World_Championships_2012_–_Women's_individual.csv|Biathlon_World_Championships_2012_–_Men's_sprint.csv|List_of_Vedic_Individuals.csv|2009_Star_World_Championships.csv|,,,,,,,,,,,,
63,Újpest_FC_seasons.csv|Chinese_university_ranking_(Wu_Shulian).csv|Biathlon_at_the_2010_Winter_Olympics_–_Women's_sprint.csv|Alpine_skiing_at_the_1956_Winter_Olympics_–_Men's_giant_slalom_1.csv|List_of_VfL_Bochum_seasons.csv|Biathlon_World_Championships_2011_–_Women's_individual.csv|Kentucky–Tennessee_rivalry_1.csv|Biathlon_World_Championships_2012_–_Men's_individual.csv|Biathlon_World_Championships_2012_–_Women's_individual.csv|Biathlon_World_Championships_2012_–_Men's_sprint.csv|List_of_Vedic_Individuals.csv|2009_Star_World_Championships.csv|,,,,,,,,,,,,
64,Chinese_university_ranking_(Wu_Shulian).csv|List_of_Florida_Panthers_players_1.csv|Biathlon_at_the_2010_Winter_Olympics_–_Women's_sprint.csv|Alpine_skiing_at_the_1956_Winter_Olympics_–_Men's_giant_slalom_1.csv|Biathlon_World_Championships_2011_–_Women's_individual.csv|Kentucky–Tennessee_rivalry_1.csv|Biathlon_World_Championships_2012_–_Men's_individual.csv|Biathlon_World_Championships_2012_–_Women's_individual.csv|Biathlon_World_Championships_2012_–_Men's_sprint.csv|List_of_Vedic_Individuals.csv|2009_Star_World_Championships.csv|,,,,,,,,,,,,
65,Chinese_university_ranking_(Wu_Shulian).csv|List_of_HNK_Hajduk_Split_seasons.csv|List_of_Florida_Panthers_players_1.csv|Biathlon_at_the_2010_Winter_Olympics_–_Women's_sprint.csv|Alpine_skiing_at_the_1956_Winter_Olympics_–_Men's_giant_slalom_1.csv|List_of_VfL_Bochum_seasons.csv|Biathlon_World_Championships_2011_–_Women's_individual.csv|Kentucky–Tennessee_rivalry_1.csv|Biathlon_World_Championships_2012_–_Men's_individual.csv|Biathlon_World_Championships_2012_–_Women's_individual.csv|Biathlon_World_Championships_2012_–_Men's_sprint.csv|List_of_Vedic_Individuals.csv|2009_Star_World_Championships.csv|,,,,,,,,,,,,
66,Chinese_university_ranking_(Wu_Shulian).csv|Biathlon_at_the_2010_Winter_Olympics_–_Women's_sprint.csv|Alpine_skiing_at_the_1956_Winter_Olympics_–_Men's_giant_slalom_1.csv|List_of_VfL_Bochum_seasons.csv|Biathlon_World_Championships_2011_–_Women's_individual.csv|Kentucky–Tennessee_rivalry_1.csv|Biathlon_World_Championships_2012_–_Men's_individual.csv|Biathlon_World_Championships_2012_–_Women's_individual.csv|Biathlon_World_Championships_2012_–_Men's_sprint.csv|List_of_Vedic_Individuals.csv|2009_Star_World_Championships.csv|,,,,,,,,,,,,
67,Chinese_university_ranking_(Wu_Shulian).csv|List_of_Florida_Panthers_players_1.csv|Biathlon_at_the_2010_Winter_Olympics_–_Women's_sprint.csv|Alpine_skiing_at_the_1956_Winter_Olympics_–_Men's_giant_slalom_1.csv|List_of_VfL_Bochum_seasons.csv|Biathlon_World_Championships_2011_–_Women's_individual.csv|Kentucky–Tennessee_rivalry_1.csv|Biathlon_World_Championships_2012_–_Men's_individual.csv|Biathlon_World_Championships_2012_–_Women's_individual.csv|Biathlon_World_Championships_2012_–_Men's_sprint.csv|List_of_Vedic_Individuals.csv|2009_Star_World_Championships.csv|,,,,,,,,,,,,
68,Chinese_university_ranking_(Wu_Shulian).csv|List_of_Florida_Panthers_players_1.csv|Biathlon_at_the_2010_Winter_Olympics_–_Women's_sprint.csv|Alpine_skiing_at_the_1956_Winter_Olympics_–_Men's_giant_slalom_1.csv|List_of_VfL_Bochum_seasons.csv|Biathlon_World_Championships_2011_–_Women's_individual.csv|Kentucky–Tennessee_rivalry_1.csv|Biathlon_World_Championships_2012_–_Men's_individual.csv|Biathlon_World_Championships_2012_–_Women's_individual.csv|Biathlon_World_Championships_2012_–_Men's_sprint.csv|List_of_Vedic_Individuals.csv|2009_Star_World_Championships.csv|,,,,,,,,,,,,
69,Chinese_university_ranking_(Wu_Shulian).csv|List_of_HNK_Hajduk_Split_seasons.csv|List_of_Florida_Panthers_players_1.csv|Biathlon_at_the_2010_Winter_Olympics_–_Women's_sprint.csv|Alpine_skiing_at_the_1956_Winter_Olympics_–_Men's_giant_slalom_1.csv|List_of_VfL_Bochum_seasons.csv|Biathlon_World_Championships_2011_–_Women's_individual.csv|Kentucky–Tennessee_rivalry_1.csv|Biathlon_World_Championships_2012_–_Men's_individual.csv|Biathlon_World_Championships_2012_–_Women's_individual.csv|Biathlon_World_Championships_2012_–_Men's_sprint.csv|List_of_Vedic_Individuals.csv|2009_Star_World_Championships.csv|,,,,,,,,,,,,
70,Chinese_university_ranking_(Wu_Shulian).csv|List_of_Florida_Panthers_players_1.csv|Biathlon_at_the_2010_Winter_Olympics_–_Women's_sprint.csv|Alpine_skiing_at_the_1956_Winter_Olympics_–_Men's_giant_slalom_1.csv|Biathlon_World_Championships_2011_–_Women's_individual.csv|Kentucky–Tennessee_rivalry_1.csv|Biathlon_World_Championships_2012_–_Men's_individual.csv|Biathlon_World_Championships_2012_–_Women's_individual.csv|Biathlon_World_Championships_2012_–_Men's_sprint.csv|List_of_Vedic_Individuals.csv|2009_Star_World_Championships.csv|,,,,,,Biathlon_at_the_2010_Winter_Olympics_–_Women's_sprint.csv|,,,,,,
71,Chinese_university_ranking_(Wu_Shulian).csv|Biathlon_at_the_2010_Winter_Olympics_–_Women's_sprint.csv|Alpine_skiing_at_the_1956_Winter_Olympics_–_Men's_giant_slalom_1.csv|Biathlon_World_Championships_2011_–_Women's_individual.csv|Kentucky–Tennessee_rivalry_1.csv|Biathlon_World_Championships_2012_–_Men's_individual.csv|Biathlon_World_Championships_2012_–_Women's_individual.csv|Biathlon_World_Championships_2012_–_Men's_sprint.csv|List_of_Vedic_Individuals.csv|2009_Star_World_Championships.csv|,,,,,,,,,,,,
72,Chinese_university_ranking_(Wu_Shulian).csv|List_of_Florida_Panthers_players_1.csv|Biathlon_at_the_2010_Winter_Olympics_–_Women's_sprint.csv|Alpine_skiing_at_the_1956_Winter_Olympics_–_Men's_giant_slalom_1.csv|Biathlon_World_Championships_2011_–_Women's_individual.csv|Kentucky–Tennessee_rivalry_1.csv|Biathlon_World_Championships_2012_–_Men's_individual.csv|Biathlon_World_Championships_2012_–_Women's_individual.csv|Biathlon_World_Championships_2012_–_Men's_sprint.csv|List_of_Vedic_Individuals.csv|2009_Star_World_Championships.csv|,,,,,,,,,,,,
73,Chinese_university_ranking_(Wu_Shulian).csv|Biathlon_at_the_2010_Winter_Olympics_–_Women's_sprint.csv|Alpine_skiing_at_the_1956_Winter_Olympics_–_Men's_giant_slalom_1.csv|List_of_VfL_Bochum_seasons.csv|Biathlon_World_Championships_2011_–_Women's_individual.csv|Biathlon_World_Championships_2012_–_Men's_individual.csv|Biathlon_World_Championships_2012_–_Women's_individual.csv|Biathlon_World_Championships_2012_–_Men's_sprint.csv|List_of_Vedic_Individuals.csv|2009_Star_World_Championships.csv|List_of_Internet_exchange_points_by_size.csv|,,,,,,,,,,,,
74,Chinese_university_ranking_(Wu_Shulian).csv|Biathlon_at_the_2010_Winter_Olympics_–_Women's_sprint.csv|Alpine_skiing_at_the_1956_Winter_Olympics_–_Men's_giant_slalom_1.csv|Biathlon_World_Championships_2011_–_Women's_individual.csv|Kentucky–Tennessee_rivalry_1.csv|Biathlon_World_Championships_2012_–_Men's_individual.csv|Biathlon_World_Championships_2012_–_Women's_individual.csv|Biathlon_World_Championships_2012_–_Men's_sprint.csv|List_of_Vedic_Individuals.csv|2009_Star_World_Championships.csv|List_of_Internet_exchange_points_by_size.csv|,,,,,,,,,,,,
75,Újpest_FC_seasons.csv|Chinese_university_ranking_(Wu_Shulian).csv|Biathlon_at_the_2010_Winter_Olympics_–_Women's_sprint.csv|Alpine_skiing_at_the_1956_Winter_Olympics_–_Men's_giant_slalom_1.csv|List_of_VfL_Bochum_seasons.csv|Biathlon_World_Championships_2011_–_Women's_individual.csv|Kentucky–Tennessee_rivalry_1.csv|Biathlon_World_Championships_2012_–_Men's_individual.csv|Biathlon_World_Championships_2012_–_Women's_individual.csv|Biathlon_World_Championships_2012_–_Men's_sprint.csv|List_of_Vedic_Individuals.csv|2009_Star_World_Championships.csv|List_of_Internet_exchange_points_by_size.csv|,,,,,,,,,,,,
76,Chinese_university_ranking_(Wu_Shulian).csv|List_of_Florida_Panthers_players_1.csv|Biathlon_at_the_2010_Winter_Olympics_–_Women's_sprint.csv|Alpine_skiing_at_the_1956_Winter_Olympics_–_Men's_giant_slalom_1.csv|Biathlon_World_Championships_2011_–_Women's_individual.csv|Biathlon_World_Championships_2012_–_Men's_individual.csv|Biathlon_World_Championships_2012_–_Women's_individual.csv|Biathlon_World_Championships_2012_–_Men's_sprint.csv|List_of_Vedic_Individuals.csv|2009_Star_World_Championships.csv|,,,,,,,,,,,,
77,Chinese_university_ranking_(Wu_Shulian).csv|Biathlon_at_the_2010_Winter_Olympics_–_Women's_sprint.csv|Alpine_skiing_at_the_1956_Winter_Olympics_–_Men's_giant_slalom_1.csv|Biathlon_World_Championships_2011_–_Women's_individual.csv|Kentucky–Tennessee_rivalry_1.csv|Biathlon_World_Championships_2012_–_Men's_individual.csv|Biathlon_World_Championships_2012_–_Women's_individual.csv|Biathlon_World_Championships_2012_–_Men's_sprint.csv|List_of_Vedic_Individuals.csv|2009_Star_World_Championships.csv|,,,,,,,,,,,,
78,Chinese_university_ranking_(Wu_Shulian).csv|List_of_Florida_Panthers_players_1.csv|Biathlon_at_the_2010_Winter_Olympics_–_Women's_sprint.csv|Alpine_skiing_at_the_1956_Winter_Olympics_–_Men's_giant_slalom_1.csv|List_of_VfL_Bochum_seasons.csv|Biathlon_World_Championships_2011_–_Women's_individual.csv|Kentucky–Tennessee_rivalry_1.csv|Biathlon_World_Championships_2012_–_Men's_individual.csv|Biathlon_World_Championships_2012_–_Women's_individual.csv|Biathlon_World_Championships_2012_–_Men's_sprint.csv|List_of_Vedic_Individuals.csv|2009_Star_World_Championships.csv|,,,,,,,,,,,,
79,Chinese_university_ranking_(Wu_Shulian).csv|Biathlon_at_the_2010_Winter_Olympics_–_Women's_sprint.csv|Alpine_skiing_at_the_1956_Winter_Olympics_–_Men's_giant_slalom_1.csv|Biathlon_World_Championships_2011_–_Women's_individual.csv|Kentucky–Tennessee_rivalry_1.csv|Biathlon_World_Championships_2012_–_Men's_individual.csv|Biathlon_World_Championships_2012_–_Women's_individual.csv|Biathlon_World_Championships_2012_–_Men's_sprint.csv|List_of_Vedic_Individuals.csv|2009_Star_World_Championships.csv|List_of_Internet_exchange_points_by_size.csv|,,,,,,,,,,,,
80,Chinese_university_ranking_(Wu_Shulian).csv|List_of_Florida_Panthers_players_1.csv|Biathlon_at_the_2010_Winter_Olympics_–_Women's_sprint.csv|Alpine_skiing_at_the_1956_Winter_Olympics_–_Men's_giant_slalom_1.csv|Biathlon_World_Championships_2011_–_Women's_individual.csv|Biathlon_World_Championships_2012_–_Men's_individual.csv|Biathlon_World_Championships_2012_–_Women's_individual.csv|Biathlon_World_Championships_2012_–_Men's_sprint.csv|List_of_Vedic_Individuals.csv|2009_Star_World_Championships.csv|,,,,,,,,,,,,
81,Újpest_FC_seasons.csv|Chinese_university_ranking_(Wu_Shulian).csv|List_of_Florida_Panthers_players_1.csv|Biathlon_at_the_2010_Winter_Olympics_–_Women's_sprint.csv|Alpine_skiing_at_the_1956_Winter_Olympics_–_Men's_giant_slalom_1.csv|List_of_VfL_Bochum_seasons.csv|Biathlon_World_Championships_2011_–_Women's_individual.csv|Kentucky–Tennessee_rivalry_1.csv|Biathlon_World_Championships_2012_–_Men's_individual.csv|Biathlon_World_Championships_2012_–_Women's_individual.csv|Biathlon_World_Championships_2012_–_Men's_sprint.csv|List_of_Vedic_Individuals.csv|2009_Star_World_Championships.csv|,,,,,,,,,,,,
82,Chinese_university_ranking_(Wu_Shulian).csv|List_of_Florida_Panthers_players_1.csv|Biathlon_at_the_2010_Winter_Olympics_–_Women's_sprint.csv|Alpine_skiing_at_the_1956_Winter_Olympics_–_Men's_giant_slalom_1.csv|Biathlon_World_Championships_2011_–_Women's_individual.csv|Kentucky–Tennessee_rivalry_1.csv|Biathlon_World_Championships_2012_–_Men's_individual.csv|Biathlon_World_Championships_2012_–_Women's_individual.csv|Biathlon_World_Championships_2012_–_Men's_sprint.csv|List_of_Vedic_Individuals.csv|2009_Star_World_Championships.csv|,,,,,,,,,,,,
83,Chinese_university_ranking_(Wu_Shulian).csv|List_of_Florida_Panthers_players_1.csv|Biathlon_at_the_2010_Winter_Olympics_–_Women's_sprint.csv|Alpine_skiing_at_the_1956_Winter_Olympics_–_Men's_giant_slalom_1.csv|Biathlon_World_Championships_2011_–_Women's_individual.csv|Kentucky–Tennessee_rivalry_1.csv|Biathlon_World_Championships_2012_–_Men's_individual.csv|Biathlon_World_Championships_2012_–_Women's_individual.csv|Biathlon_World_Championships_2012_–_Men's_sprint.csv|List_of_Vedic_Individuals.csv|2009_Star_World_Championships.csv|,,,,,,,,,,,,
84,Chinese_university_ranking_(Wu_Shulian).csv|Biathlon_at_the_2010_Winter_Olympics_–_Women's_sprint.csv|Alpine_skiing_at_the_1956_Winter_Olympics_–_Men's_giant_slalom_1.csv|Biathlon_World_Championships_2011_–_Women's_individual.csv|Kentucky–Tennessee_rivalry_1.csv|Biathlon_World_Championships_2012_–_Men's_individual.csv|Biathlon_World_Championships_2012_–_Women's_individual.csv|Biathlon_World_Championships_2012_–_Men's_sprint.csv|List_of_Vedic_Individuals.csv|2009_Star_World_Championships.csv|,,,,,,,,,,,,
85,Chinese_university_ranking_(Wu_Shulian).csv|List_of_Florida_Panthers_players_1.csv|Biathlon_at_the_2010_Winter_Olympics_–_Women's_sprint.csv|Biathlon_World_Championships_2011_–_Women's_individual.csv|Kentucky–Tennessee_rivalry_1.csv|Biathlon_World_Championships_2012_–_Men's_individual.csv|Biathlon_World_Championships_2012_–_Women's_individual.csv|Biathlon_World_Championships_2012_–_Men's_sprint.csv|List_of_Vedic_Individuals.csv|2009_Star_World_Championships.csv|,,,,,,,,,,,,
86,Chinese_university_ranking_(Wu_Shulian).csv|List_of_Florida_Panthers_players_1.csv|Biathlon_at_the_2010_Winter_Olympics_–_Women's_sprint.csv|List_of_VfL_Bochum_seasons.csv|Biathlon_World_Championships_2011_–_Women's_individual.csv|Kentucky–Tennessee_rivalry_1.csv|Biathlon_World_Championships_2012_–_Men's_individual.csv|Biathlon_World_Championships_2012_–_Women's_individual.csv|Biathlon_World_Championships_2012_–_Men's_sprint.csv|List_of_Vedic_Individuals.csv|2009_Star_World_Championships.csv|,,,,,,,,,,,,
87,Chinese_university_ranking_(Wu_Shulian).csv|Biathlon_at_the_2010_Winter_Olympics_–_Women's_sprint.csv|Alpine_skiing_at_the_1956_Winter_Olympics_–_Men's_giant_slalom_1.csv|Biathlon_World_Championships_2011_–_Women's_individual.csv|Biathlon_World_Championships_2012_–_Men's_individual.csv|Biathlon_World_Championships_2012_–_Women's_individual.csv|Biathlon_World_Championships_2012_–_Men's_sprint.csv|List_of_Vedic_Individuals.csv|,,,,,,,,,,,,
88,Chinese_university_ranking_(Wu_Shulian).csv|List_of_Florida_Panthers_players_1.csv|Biathlon_at_the_2010_Winter_Olympics_–_Women's_sprint.csv|Alpine_skiing_at_the_1956_Winter_Olympics_–_Men's_giant_slalom_1.csv|Biathlon_World_Championships_2011_–_Women's_individual.csv|Kentucky–Tennessee_rivalry_1.csv|Biathlon_World_Championships_2012_–_Men's_individual.csv|Biathlon_World_Championships_2012_–_Women's_individual.csv|Biathlon_World_Championships_2012_–_Men's_sprint.csv|List_of_Vedic_Individuals.csv|,,,,,,,,,,,,
89,Chinese_university_ranking_(Wu_Shulian).csv|List_of_Florida_Panthers_players_1.csv|Biathlon_at_the_2010_Winter_Olympics_–_Women's_sprint.csv|Alpine_skiing_at_the_1956_Winter_Olympics_–_Men's_giant_slalom_1.csv|Biathlon_World_Championships_2011_–_Women's_individual.csv|Biathlon_World_Championships_2012_–_Men's_individual.csv|Biathlon_World_Championships_2012_–_Women's_individual.csv|Biathlon_World_Championships_2012_–_Men's_sprint.csv|List_of_Vedic_Individuals.csv|,,,,,,,,,,,,
90,Chinese_university_ranking_(Wu_Shulian).csv|List_of_Florida_Panthers_players_1.csv|Alpine_skiing_at_the_1956_Winter_Olympics_–_Men's_giant_slalom_1.csv|Biathlon_World_Championships_2011_–_Women's_individual.csv|Kentucky–Tennessee_rivalry_1.csv|Biathlon_World_Championships_2012_–_Men's_individual.csv|Biathlon_World_Championships_2012_–_Women's_individual.csv|Biathlon_World_Championships_2012_–_Men's_sprint.csv|List_of_Vedic_Individuals.csv|,,,,,,,,,,,,
91,Chinese_university_ranking_(Wu_Shulian).csv|List_of_Florida_Panthers_players_1.csv|Alpine_skiing_at_the_1956_Winter_Olympics_–_Men's_giant_slalom_1.csv|Biathlon_World_Championships_2011_–_Women's_individual.csv|Kentucky–Tennessee_rivalry_1.csv|Biathlon_World_Championships_2012_–_Men's_individual.csv|Biathlon_World_Championships_2012_–_Women's_individual.csv|Biathlon_World_Championships_2012_–_Men's_sprint.csv|List_of_Vedic_Individuals.csv|,,,,,,,,,,,,
92,Chinese_university_ranking_(Wu_Shulian).csv|Alpine_skiing_at_the_1956_Winter_Olympics_–_Men's_giant_slalom_1.csv|Biathlon_World_Championships_2011_–_Women's_individual.csv|Kentucky–Tennessee_rivalry_1.csv|Biathlon_World_Championships_2012_–_Men's_individual.csv|Biathlon_World_Championships_2012_–_Women's_individual.csv|Biathlon_World_Championships_2012_–_Men's_sprint.csv|List_of_Vedic_Individuals.csv|,,,,,,,,,,,,
93,Chinese_university_ranking_(Wu_Shulian).csv|Alpine_skiing_at_the_1956_Winter_Olympics_–_Men's_giant_slalom_1.csv|Biathlon_World_Championships_2011_–_Women's_individual.csv|Kentucky–Tennessee_rivalry_1.csv|Biathlon_World_Championships_2012_–_Men's_individual.csv|Biathlon_World_Championships_2012_–_Women's_individual.csv|Biathlon_World_Championships_2012_–_Men's_sprint.csv|List_of_Vedic_Individuals.csv|,,,,,,,,,,,,
94,Chinese_university_ranking_(Wu_Shulian).csv|Alpine_skiing_at_the_1956_Winter_Olympics_–_Men's_giant_slalom_1.csv|Biathlon_World_Championships_2011_–_Women's_individual.csv|Biathlon_World_Championships_2012_–_Men's_individual.csv|Biathlon_World_Championships_2012_–_Women's_individual.csv|Biathlon_World_Championships_2012_–_Men's_sprint.csv|List_of_Vedic_Individuals.csv|List_of_Internet_exchange_points_by_size.csv|,,,,,,,,,,,,
95,Chinese_university_ranking_(Wu_Shulian).csv|Alpine_skiing_at_the_1956_Winter_Olympics_–_Men's_giant_slalom_1.csv|Biathlon_World_Championships_2011_–_Women's_individual.csv|Kentucky–Tennessee_rivalry_1.csv|Biathlon_World_Championships_2012_–_Men's_individual.csv|Biathlon_World_Championships_2012_–_Women's_individual.csv|Biathlon_World_Championships_2012_–_Men's_sprint.csv|List_of_Vedic_Individuals.csv|,,,,,,,,,,,,
96,Chinese_university_ranking_(Wu_Shulian).csv|Alpine_skiing_at_the_1956_Winter_Olympics_–_Men's_giant_slalom_1.csv|Biathlon_World_Championships_2011_–_Women's_individual.csv|Kentucky–Tennessee_rivalry_1.csv|Biathlon_World_Championships_2012_–_Men's_individual.csv|Biathlon_World_Championships_2012_–_Women's_individual.csv|Biathlon_World_Championships_2012_–_Men's_sprint.csv|List_of_Vedic_Individuals.csv|,,,,,,,,,,,,
97,Chinese_university_ranking_(Wu_Shulian).csv|List_of_Florida_Panthers_players_1.csv|Alpine_skiing_at_the_1956_Winter_Olympics_–_Men's_giant_slalom_1.csv|Biathlon_World_Championships_2011_–_Women's_individual.csv|Kentucky–Tennessee_rivalry_1.csv|Biathlon_World_Championships_2012_–_Men's_individual.csv|Biathlon_World_Championships_2012_–_Women's_individual.csv|Biathlon_World_Championships_2012_–_Men's_sprint.csv|List_of_Vedic_Individuals.csv|,,,,,,,,,,,,
98,Újpest_FC_seasons.csv|Chinese_university_ranking_(Wu_Shulian).csv|Alpine_skiing_at_the_1956_Winter_Olympics_–_Men's_giant_slalom_1.csv|Biathlon_World_Championships_2011_–_Women's_individual.csv|Kentucky–Tennessee_rivalry_1.csv|Biathlon_World_Championships_2012_–_Men's_individual.csv|Biathlon_World_Championships_2012_–_Women's_individual.csv|Biathlon_World_Championships_2012_–_Men's_sprint.csv|List_of_Vedic_Individuals.csv|,,,,,,,,,,,,
